glossary_slug	cyrillic	slp1	iast_witness	validation	onomasticon	witness_count	iast_inline
ramayana3	Агастья	agastya	Agastya	onomasticon	inm,pui	2	Agastya
ramayana3	Агни	agni	Agni	onomasticon	inm,pui	2	Agni
ramayana3	Адити	aditi	Aditi	onomasticon	inm,pui	2	Aditi
ramayana3	Айодхья	ayoDyA	Ayodhyā	onomasticon	inm,pui	2	Ayodhyā
ramayana3	Айомукхи	ayomuKI	Ayomukhī	onomasticon	pui	1	Ayomukhī
ramayana3	Айравата	ErAvata	Airāvata	onomasticon	inm,pui	2	Airāvata
ramayana3	Акампана	akampana	Akampana	onomasticon	inm,pui	1	Akampana
ramayana3	Амаравати	amarAvatI	Amarāvatī	onomasticon	inm,pui	2	Amarāvatī
ramayana3	Анала	analA	Analā	onomasticon	inm	1	Analā
ramayana3	Ангирас	aNgiras	Aṅgiras	onomasticon	inm,pui	2	Aṅgiras
ramayana3	Андхака	anDaka	Andhaka	onomasticon	inm,pui	1	Andhaka
ramayana3	Анила	anila	Anila	onomasticon	inm,pui	1	Anila
ramayana3	Антака	antaka	Antaka	onomasticon	inm,pui	2	Antaka
ramayana3	Ариштанеми	arizwanemi	Ariṣṭanemi	onomasticon	inm,pui	2	Ariṣṭanemi
ramayana3	Аруна	aruRa	Aruṇa	onomasticon	inm,pui	1	Aruṇa
ramayana3	Арундхати	arunDatI	Arundhatī	onomasticon	inm,pui	1	Arundhatī
ramayana3	Атри	atri	Atri	onomasticon	inm,pui	2	Atri
ramayana3	Ашвагрива	aSvagrIva	Aśvagrīva	onomasticon	inm,pui	1	Aśvagrīva
ramayana3	Ашвины	aSvinO	Aśvinau	iast-witness-only		2	Aśvinau
ramayana3	Бала	bala	Bala	onomasticon	inm,pui	2	Bala
ramayana3	Бали	bali	Bali	onomasticon	inm,pui	2	Bali
ramayana3	Бахупутра	bahuputra	Bahuputra	onomasticon	pui	1	Bahuputra
ramayana3	Брахма	brahmA	Brahmā	onomasticon	pui	2	Brahmā
ramayana3	Брихаспати	bfhaspati	Bṛhaspati	onomasticon	inm,pui	2	Bṛhaspati
ramayana3	Будха	buDa	Budha	onomasticon	inm,pui	2	Budha
ramayana3	Бхага	Baga	Bhaga	onomasticon	inm,pui	2	Bhaga
ramayana3	Бхадрамада	BadramadA	Bhadramadā	iast-witness-only		1	Bhadramadā
ramayana3	Бхарата	Barata	Bharata	onomasticon	inm,pui	3	Bharata
ramayana3	Бхаси	BAsI	Bhāsī	onomasticon	inm,pui	1	Bhāsī
ramayana3	Бхогавати	BogavatI	Bhogavatī	onomasticon	inm,pui	2	Bhogavatī
ramayana3	Вайдехи	vEdehI	Vaidehī	onomasticon	inm	1	Vaidehī
ramayana3	Вайтарани	vEtarRI	Vaitarṇī	iast-witness-only		1	Vaitarṇī
ramayana3	Вайшравана	vESravaRa	Vaiśravaṇa	onomasticon	inm,pui	2	Vaiśravaṇa
ramayana3	Валин	vAlin	Vālin	onomasticon	inm	2	Vālin
ramayana3	Варуна	varuRa	Varuṇa	onomasticon	inm,pui	2	Varuṇa
ramayana3	Васава	vAsava	Vāsava	onomasticon	inm,pui	2	Vāsava
ramayana3	Васиштха	vasizWa	Vasiṣṭha	onomasticon	inm,pui	2	Vasiṣṭha
ramayana3	Васуки	vAsuki	Vāsuki	onomasticon	inm,pui	2	Vāsuki
ramayana3	Ватапи	vAtApi	Vātāpi	onomasticon	inm,pui	1	Vātāpi
ramayana3	Ваю	vAyu	Vāyu	onomasticon	inm,pui	2	Vāyu
ramayana3	Вибхишана	viBIzaRa	Vibhīṣaṇa	onomasticon	inm,pui	2	Vibhīṣaṇa
ramayana3	Вивасват	vivasvat	Vivasvat	onomasticon	inm,pui	2	Vivasvat
ramayana3	Видеха	videha	Videha	onomasticon	inm,pui	2	Videha
ramayana3	Видхатар	viDAtf	Vidhātṛ	onomasticon	inm	1	Vidhātṛ
ramayana3	Видхатар	viDatf	Vidhatṛ	iast-witness-only		1	Vidhātṛ
ramayana3	Викрита	vikfta	Vikṛta	onomasticon	inm,pui	1	Vikṛta
ramayana3	Вината	vinatA	Vinatā	onomasticon	inm,pui	2	Vinatā
ramayana3	Виндхья	vinDya	Vindhya	onomasticon	inm,pui	2	Vindhya
ramayana3	Вирадха	virADa	Virādha	onomasticon	pui	2	Virādha
ramayana3	Вишвакарман	viSvakarman	Viśvakarman	onomasticon	inm	2	Viśvakarman
ramayana3	Вишвамитра	viSvAmitra	Viśvāmitra	onomasticon	inm,pui	2	Viśvāmitra
ramayana3	Вишну	vizRu	Viṣṇu	onomasticon	inm,pui	2	Viṣṇu
ramayana3	Вишравас	viSravas	Viśravas	onomasticon	inm,pui	2	Viśravas
ramayana3	Вритра	vftra	Vṛtra	onomasticon	inm,pui	2	Vṛtra
ramayana3	Ганга	gaNgA	Gaṅgā	onomasticon	inm	2	Gaṅgā
ramayana3	Гандхарви	ganDarvI	Gandharvī	onomasticon	inm	1	Gandharvī
ramayana3	Гаруда	gAruqa	Gāruḍa	onomasticon	inm	1	Garuḍa
ramayana3	Гаруда	garuqa	Garuḍa	onomasticon	inm,pui	1	Garuḍa
ramayana3	Гаутама	gOtama	Gautama	onomasticon	inm,pui	2	Gautama
ramayana3	Гаятри	gAyatrI	Gāyatrī	onomasticon	inm,pui	1	Gāyatrī
ramayana3	Годавари	godAvarI	Godāvarī	onomasticon	inm	1	Godāvarī
ramayana3	Дакша	dakza	Dakṣa	onomasticon	inm,pui	2	Dakṣa
ramayana3	Дандака	daRqaka	Daṇḍaka	onomasticon	inm,pui	1	Dandaka
ramayana3	Дандака	dandaka	Dandaka	iast-witness-only		1	Dandaka
ramayana3	Дану	danU	Danū	iast-witness-only		1	Danū
ramayana3	Дашагрива	daSagrIva	Daśagrīva	onomasticon	inm,pui	2	Daśagrīva
ramayana3	Дашаратха	daSaraTa	Daśaratha	onomasticon	inm,pui	2	Daśaratha
ramayana3	Джава	java	Java	lexicon		1	Java
ramayana3	Джанака	janaka	Janaka	onomasticon	inm,pui	3	Janaka
ramayana3	Джанастхана	janasTAna	Janasthāna	onomasticon	inm,pui	2	Janasthāna
ramayana3	Джатаюс	jatAyus	Jatāyus	iast-witness-only		1	Jatāyus
ramayana3	Джатаюс	jawAyus	Jaṭāyus	lexicon		1	Jatāyus
ramayana3	Дити	diti	Diti	onomasticon	inm,pui	2	Diti
ramayana3	Душана	dUzaRa	Dūṣaṇa	onomasticon	inm,pui	2	Dūṣaṇa
ramayana3	Дхарма	Darma	Dharma	onomasticon	inm,pui	2	Dharma
ramayana3	Дхармабхрит	DarmaBft	Dharmabhṛt	onomasticon	pui	1	Dharmabhṛt
ramayana3	Дхатар	DAtf	Dhātṛ	onomasticon	inm,pui	2	Dhātṛ
ramayana3	Дхритараштри	DftarAzwrI	Dhṛtarāṣṭrī	onomasticon	inm,pui	1	Dhṛtarāṣṭrī
ramayana3	Икшваку	ikzvAku	Ikṣvāku	onomasticon	inm,pui	2	Ikṣvāku
ramayana3	Илвала	ilvala	Ilvala	onomasticon	inm,pui	1	Ilvala
ramayana3	Индра	indra	Indra	onomasticon	inm,pui	2	Indra
ramayana3	Иравати	irAvatI	Irāvatī	onomasticon	inm,pui	1	Irāvatī
ramayana3	Кабандха	kabanDa	Kabandha	onomasticon	inm,pui	2	Kabandha
ramayana3	Кадру	kadrU	Kadrū	onomasticon	inm,pui	1	Kadrū
ramayana3	Кайкейи	kEkeyI	Kaikeyī	onomasticon	inm,pui	2	Kaikeyī
ramayana3	Кайласа	kElAsa	Kailāsa	onomasticon	inm,pui	2	Kailāsa
ramayana3	Какутстха	kAkutsTa	Kākutstha	onomasticon	inm	1	Kakutstha
ramayana3	Какутстха	kakutsTa	Kakutstha	onomasticon	inm,pui	2	Kakutstha
ramayana3	Кала	kAla	Kāla	onomasticon	inm,pui	2	Kāla
ramayana3	Калака	kAlaka	Kālaka	onomasticon	pui	1	Kalakā
ramayana3	Калака	kalakA	Kalakā	iast-witness-only		1	Kalakā
ramayana3	Калака	kAlaka	Kālaka	onomasticon	pui	1	Kālaka
ramayana3	Калака	kalakA	Kalakā	iast-witness-only		1	Kālaka
ramayana3	Кандарпа	kandarpa	Kandarpa	onomasticon	inm,pui	2	Kandarpa
ramayana3	Кардама	kardama	Kardama	onomasticon	inm,pui	1	Kardama
ramayana3	Кашьяпа	kASyapa	Kāśyapa	onomasticon	inm,pui	1	Kaśyapa
ramayana3	Кашьяпа	kaSyapa	Kaśyapa	onomasticon	pui	2	Kaśyapa
ramayana3	Кирти	kIrti	Kīrti	onomasticon	inm,pui	1	Kīrti
ramayana3	Крату	kratu	Kratu	onomasticon	inm,pui	1	Kratu
ramayana3	Краунча	krOYca	Krauñca	onomasticon	inm,pui	1	Krauñca
ramayana3	Краунчи	krOYcI	Krauñcī	onomasticon	pui	1	Krauñcī
ramayana3	Кродхаваша	kroDavaSA	Krodhavaśā	onomasticon	inm,pui	1	Krodhavaśā
ramayana3	Кубера	kubera	Kubera	onomasticon	inm,pui	2	Kubera
ramayana3	Кумбхакарна	kumBakarRa	Kumbhakarṇa	onomasticon	inm,pui	2	Kumbhakarṇa
ramayana3	Лакшмана	lakzmaRa	Lakṣmaṇa	onomasticon	inm,pui	2	Lakṣmaṇa
ramayana3	Ланка	laNkA	Laṅkā	onomasticon	inm,pui	2	Laṅkā
ramayana3	Лохитанга	lohitANga	Lohitāṅga	onomasticon	inm	1	Lohitāṅga
ramayana3	Магхаван	maGavan	Maghavan	onomasticon	inm	2	Maghavan
ramayana3	Майтхили	mETilI	Maithilī	onomasticon	inm	1	Maithilī
ramayana3	Мандакарни	mARqakarRi	Māṇḍakarṇi	lexicon		1	Māṇḍakarṇi
ramayana3	Мандакини	mandAkinI	Mandākinī	onomasticon	inm,pui	2	Mandākinī
ramayana3	Мандара	mandara	Mandara	onomasticon	inm,pui	2	Mandara
ramayana3	Манматха	manmaTa	Manmatha	onomasticon	inm,pui	2	Manmatha
ramayana3	Ману	manu	Manu	onomasticon	inm,pui	2	Manu
ramayana3	Марича	mArIca	Mārīca	onomasticon	inm,pui	2	Mārīca
ramayana3	Маричи	marIci	Marīci	onomasticon	inm,pui	2	Marīci
ramayana3	Матанги	mAtaNgI	Mātaṅgī	onomasticon	inm	1	Mataṅga
ramayana3	Матанги	mataNga	Mataṅga	onomasticon	inm,pui	1	Mataṅga
ramayana3	Матангашрама	mataNgASrama	Mataṅgāśrama	iast-witness-only		1	Mataṅgāśrama
ramayana3	Матанги	mAtaNgI	Mātaṅgī	onomasticon	inm	1	Mātaṅgī
ramayana3	Матанги	mataNga	Mataṅga	onomasticon	inm,pui	1	Mātaṅgī
ramayana3	Махакапала	mahAkapAla	Mahākapāla	lexicon		1	Mahākapāla
ramayana3	Махадева	mahAdeva	Mahādeva	onomasticon	inm,pui	2	Mahādeva
ramayana3	Махендра	mahendra	Mahendra	onomasticon	inm,pui	2	Mahendra
ramayana3	Меру	meru	Meru	onomasticon	inm,pui	2	Meru
ramayana3	Митхила	miTilA	Mithilā	onomasticon	inm,pui	2	Mithilā
ramayana3	Мршаманда	mrgamandA	Mrgamandā	iast-witness-only		1	Mrgamandā
ramayana3	Мрига	mfgA	Mṛgā	onomasticon	pui	1	Mṛgā
ramayana3	Намучи	namuci	Namuci	onomasticon	inm,pui	1	Namuci
ramayana3	Нандана	nandana	Nandana	onomasticon	inm,pui	2	Nandana
ramayana3	Нандин	nandin	Nandin	onomasticon	inm	1	Nandin
ramayana3	Наравахана	naravAhana	Naravāhana	onomasticon	inm,pui	1	Naravāhana
ramayana3	Нарака	naraka	Naraka	onomasticon	inm,pui	1	Naraka
ramayana3	Ната	natA	Natā	iast-witness-only		1	Natā
ramayana3	Нахуша	nahuza	Nahuṣa	onomasticon	inm,pui	2	Nahuṣa
ramayana3	Павака	pAvaka	Pāvaka	onomasticon	inm,pui	2	Pāvaka
ramayana3	Пака	pAka	Pāka	onomasticon	inm,pui	2	Pāka
ramayana3	Пакашасана	pAkaSAsana	Pākaśāsana	onomasticon	inm,pui	1	Pākaśāsana
ramayana3	Пампа	pampA	Pampā	onomasticon	inm,pui	2	Pampā
ramayana3	Панчавати	paYcavawI	Pañcavaṭī	onomasticon	inm	1	Pañcavaṭī
ramayana3	Панчапсарас	paYcApsaras	Pañcāpsaras	onomasticon	pui	1	Pañcāpsaras
ramayana3	Парвати	pArvatI	Pārvatī	onomasticon	inm,pui	2	Pārvatī
ramayana3	Парджанья	parjanya	Parjanya	onomasticon	inm,pui	2	Parjanya
ramayana3	Праджапати	prajApati	Prajāpati	onomasticon	inm,pui	2	Prajāpati
ramayana3	Праматхин	pramaTin	Pramathin	lexicon		1	Pramathin
ramayana3	Прасравана	prasravaRa	Prasravaṇa	lexicon		1	Prasravaṇa
ramayana3	Прачетас	pracetas	Pracetas	onomasticon	inm,pui	1	Pracetas
ramayana3	Пуластья	pulastya	Pulastya	onomasticon	inm,pui	2	Pulastya
ramayana3	Пулаха	pulaha	Pulaha	onomasticon	inm,pui	1	Pulaha
ramayana3	Пурандара	puraMdara	Puraṃdara	lexicon		2	Puraṃdara
ramayana3	Пуруравас	purUravas	Purūravas	onomasticon	inm,pui	1	Purūravas
ramayana3	Пушпака	puzpaka	Puṣpaka	onomasticon	inm,pui	1	Puṣpaka
ramayana3	Равана	rAvaRa	Rāvaṇa	onomasticon	inm,pui	2	Rāvaṇa
ramayana3	Рагхава	rAGava	Rāghava	onomasticon	inm,pui	2	Rāghava
ramayana3	Рагху	raGu	Raghu	onomasticon	inm,pui	2	Raghu
ramayana3	Рама	rAma	Rāma	onomasticon	inm,pui	2	Rāma
ramayana3	Рамбха	ramBA	Rambhā	onomasticon	inm,pui	2	Rambhā
ramayana3	Рати	rati	Rati	onomasticon	inm,pui	1	Rati
ramayana3	Раху	rAhu	Rāhu	onomasticon	inm,pui	2	Rāhu
ramayana3	Рикшараджас	fkzarajas	Ṛkṣarajas	iast-witness-only		1	Ṛkṣarajas
ramayana3	Ришьямука	fSyamUka	Ṛśyamūka	lexicon		1	Ṛṣyamūka
ramayana3	Ришьямука	fzyamUka	Ṛṣyamūka	onomasticon	inm,pui	1	Ṛṣyamūka
ramayana3	Рохини	rohiRI	Rohiṇī	onomasticon	inm,pui	3	Rohiṇī
ramayana3	Рохини	rohiRI	Rohiṇī	onomasticon	inm,pui	3	Rohiṇī
ramayana3	Рудра	rudra	Rudra	onomasticon	inm,pui	2	Rudra
ramayana3	Савитар	savitf	Savitṛ	onomasticon	inm	1	Savitṛ
ramayana3	Сампати	sampAti	Sampāti	onomasticon	inm,pui	2	Sampāti
ramayana3	Саншрая	saMSraya	Saṃśraya	lexicon		1	Saṃśraya
ramayana3	Сараю	sarayU	Sarayū	onomasticon	inm,pui	2	Sarayū
ramayana3	Сваямбху	svayamBu	Svayambhu	lexicon		2	Svayambhu
ramayana3	Сита	sItA	Sītā	onomasticon	inm,pui	3	Sītā
ramayana3	Сома	somA	Somā	onomasticon	inm	1	Soma
ramayana3	Сома	soma	Soma	onomasticon	inm,pui	2	Soma
ramayana3	Стхану	sTARu	Sthāṇu	onomasticon	inm,pui	1	Sthāṇu
ramayana3	Стхулакша	sTUlAkza	Sthūlākṣa	onomasticon	inm	1	Sthūlākṣa
ramayana3	Стхулаширас	sTUlaSiras	Sthūlaśiras	onomasticon	inm	1	Sthūlaśiras
ramayana3	Сугрива	sugrIva	Sugrīva	onomasticon	inm,pui	2	Sugrīva
ramayana3	Сумитра	sumitrA	Sumitrā	onomasticon	inm	2	Sumitrā
ramayana3	Субхадра	suBadra	Subhadra	onomasticon	inm,pui	1	Subhadra
ramayana3	Супарна	suparRa	Suparṇa	onomasticon	inm,pui	2	Suparṇa
ramayana3	Сурабхи	suraBI	Surabhī	lexicon		1	Surabhī
ramayana3	Сураса	surasA	Surasā	onomasticon	inm,pui	1	Surasā
ramayana3	Сурья	sUrya	Sūrya	onomasticon	inm,pui	2	Sūrya
ramayana3	Сутикшна	sutIkzRa	Sutīkṣṇa	lexicon		2	Sutīkṣṇa
ramayana3	Такшака	takzaka	Takṣaka	onomasticon	inm,pui	1	Takṣaka
ramayana3	Тамра	tAmrA	Tāmrā	onomasticon	inm,pui	1	Tāmrā
ramayana3	Тарака	tArakA	Tārakā	onomasticon	pui	2	Tārakā, или Tāṭakā
ramayana3	Тумбуру	tumburu	Tumburu	onomasticon	inm,pui	2	Tumburu
ramayana3	Триширас	triSiras	Triśiras	onomasticon	inm	2	Triśiras
ramayana3	Урваши	urvaSI	Urvaśī	onomasticon	inm,pui	1	Urvaśī
ramayana3	Хара	hara	Hara	onomasticon	inm,pui	2	Hara
ramayana3	Хари	harI	Harī	onomasticon	inm	1	Harī
ramayana3	Хари	hari	Hari	onomasticon	inm,pui	1	Harī
ramayana3	Хри	hrI	Hrī	onomasticon	inm,pui	1	Hrī
ramayana3	Химават	himavat	Himavat	onomasticon	inm	2	Himavat
ramayana3	Чайтраратха	cEtraraTa	Caitraratha	onomasticon	inm,pui	2	Caitraratha
ramayana3	Читракута	citrakUwa	Citrakūṭa	onomasticon	inm,pui	2	Citrakūṭa
ramayana3	Шабари	SabarI	Śabarī	lexicon		2	Śabarī
ramayana3	Шакра	Sakra	Śakra	onomasticon	inm,pui	2	Śakra
ramayana3	Шарабханга	SaraBaNga	Śarabhaṅga	onomasticon	inm	1	Sarabhaṅga
ramayana3	Шарабханга	saraBaNga	Sarabhaṅga	iast-witness-only		1	Sarabhaṅga
ramayana3	Шардули	SArdUlI	Śārdūlī	lexicon		1	Śārdūlī
ramayana3	Шатахрада	SatahradA	Śatahradā	onomasticon	pui	1	Śatahradā
ramayana3	Шатакрату	Satakratu	Śatakratu	onomasticon	inm,pui	2	Śatakratu
ramayana3	Шачи	SacI	Śacī	onomasticon	inm,pui	2	Śacī
ramayana3	Швета	SvetA	Śvetā	onomasticon	inm,pui	1	Śvetā
ramayana3	Шеша	Seza	Śeṣa	onomasticon	inm,pui	2	Śeṣa
ramayana3	Шеша	Seza	Śeṣa	onomasticon	inm,pui	2	Śeṣa
ramayana3	Шри	SrI	Śrī	onomasticon	inm,pui	2	Śrī
ramayana3	Шуки	SukI	Śukī	onomasticon	inm,pui	1	Śukī
ramayana3	Шукра	Sukra	Śukra	onomasticon	inm,pui	2	Śukra
ramayana3	Шурпанакха	SUrpaRaKA	Śūrpaṇakhā	onomasticon	inm,pui	2	Śūrpaṇakhā
ramayana3	Шьени	SyenI	Śyenī	onomasticon	inm,pui	1	Śyenī
ramayana3	Яма	yama	Yama	onomasticon	inm,pui	2	Yama
ramayana3	Яяти	yayAti	Yayāti	onomasticon	inm,pui	2	Yayāti
grintser-kadambari	Агни	agni	Agni	onomasticon	inm,pui	2	
grintser-kadambari	Адити	aditi	Aditi	onomasticon	inm,pui	2	
grintser-kadambari	Айодхья	ayoDyA	Ayodhyā	onomasticon	inm,pui	2	
grintser-kadambari	Айравата	ErAvata	Airāvata	onomasticon	inm,pui	2	
grintser-kadambari	Аларка	alarka	Alarka	onomasticon	inm,pui	1	
grintser-kadambari	Анджана	aYjana	Añjana	onomasticon	inm,pui	1	
grintser-kadambari	Андхака	anDaka	Andhaka	onomasticon	inm,pui	1	
grintser-kadambari	Аруна	aruRa	Aruṇa	onomasticon	inm,pui	1	
grintser-kadambari	Арундхати	arunDatI	Arundhatī	onomasticon	inm,pui	1	
grintser-kadambari	Балин	bAlin	Bālin	lexicon		1	
grintser-kadambari	Бана	bARa	Bāṇa	onomasticon	inm,pui	1	
grintser-kadambari	Брахма	brahmA	Brahmā	onomasticon	pui	2	
grintser-kadambari	Брихадратха	bfhadraTa	Bṛhadratha	onomasticon	inm,pui	1	
grintser-kadambari	Брихаспати	bfhaspati	Bṛhaspati	onomasticon	inm,pui	2	
grintser-kadambari	Будда	budDa	Buddha	onomasticon	pui	1	
grintser-kadambari	Будха	buDa	Budha	onomasticon	inm,pui	2	
grintser-kadambari	Бхагиратха	BagIraTa	Bhagīratha	onomasticon	inm,pui	1	
grintser-kadambari	Бхарата	Barata	Bharata	onomasticon	inm,pui	3	
grintser-kadambari	Бхима	BIma	Bhīma	onomasticon	inm,pui	1	
grintser-kadambari	Бхригу	Bfgu	Bhṛgu	onomasticon	inm,pui	1	
grintser-kadambari	Варуна	varuRa	Varuṇa	onomasticon	inm,pui	2	
grintser-kadambari	Варуни	vAruRI	Vāruṇī	onomasticon	inm,pui	1	
grintser-kadambari	Варуни	vAruRI	Vāruṇī	onomasticon	inm,pui	1	
grintser-kadambari	Васу	vasu	Vasu	onomasticon	inm,pui	1	
grintser-kadambari	Васуки	vAsuki	Vāsuki	onomasticon	inm,pui	2	
grintser-kadambari	Ватапи	vAtApi	Vātāpi	onomasticon	inm,pui	1	
grintser-kadambari	Вибхандака	viBARqaka	Vibhāṇḍaka	onomasticon	inm	1	
grintser-kadambari	Вината	vinatA	Vinatā	onomasticon	inm,pui	2	
grintser-kadambari	Виндхья	vinDya	Vindhya	onomasticon	inm,pui	2	
grintser-kadambari	Вишвамитра	viSvAmitra	Viśvāmitra	onomasticon	inm,pui	2	
grintser-kadambari	Вритра	vftra	Vṛtra	onomasticon	inm,pui	2	
grintser-kadambari	Ганга	gaNgA	Gaṅgā	onomasticon	inm	2	
grintser-kadambari	Годавари	godAvarI	Godāvarī	onomasticon	inm	1	
grintser-kadambari	Дакша	dakza	Dakṣa	onomasticon	inm,pui	2	
grintser-kadambari	Дандака	daRqaka	Daṇḍaka	onomasticon	inm,pui	1	
grintser-kadambari	Дандака	dandaka	Dandaka	iast-witness-only		1	
grintser-kadambari	Дашагрива	daSagrIva	Daśagrīva	onomasticon	inm,pui	2	
grintser-kadambari	Дашаратха	daSaraTa	Daśaratha	onomasticon	inm,pui	2	
grintser-kadambari	Джабали	jAbAli	Jābāli	onomasticon	inm,pui	1	
grintser-kadambari	Джамадагни	jamadagni	Jamadagni	onomasticon	inm,pui	1	
grintser-kadambari	Джанардана	janArdana	Janārdana	onomasticon	inm,pui	1	
grintser-kadambari	Джахну	jahnu	Jahnu	onomasticon	inm,pui	1	
grintser-kadambari	Дилипа	dilIpa	Dilīpa	onomasticon	inm,pui	1	
grintser-kadambari	Дравида	drAviqa	Drāviḍa	onomasticon	inm	1	
grintser-kadambari	Душана	dUzaRa	Dūṣaṇa	onomasticon	inm,pui	2	
grintser-kadambari	Дхарма	Darma	Dharma	onomasticon	inm,pui	2	
grintser-kadambari	Дакша	dakza	Dakṣa	onomasticon	inm,pui	2	
grintser-kadambari	Дандака	daRqaka	Daṇḍaka	onomasticon	inm,pui	1	
grintser-kadambari	Дандака	dandaka	Dandaka	iast-witness-only		1	
grintser-kadambari	Дашагрива	daSagrIva	Daśagrīva	onomasticon	inm,pui	2	
grintser-kadambari	Дашаратха	daSaraTa	Daśaratha	onomasticon	inm,pui	2	
grintser-kadambari	Джабали	jAbAli	Jābāli	onomasticon	inm,pui	1	
grintser-kadambari	Джамадагни	jamadagni	Jamadagni	onomasticon	inm,pui	1	
grintser-kadambari	Джанардана	janArdana	Janārdana	onomasticon	inm,pui	1	
grintser-kadambari	Джахну	jahnu	Jahnu	onomasticon	inm,pui	1	
grintser-kadambari	Дилипа	dilIpa	Dilīpa	onomasticon	inm,pui	1	
grintser-kadambari	Дравида	drAviqa	Drāviḍa	onomasticon	inm	1	
grintser-kadambari	Душана	dUzaRa	Dūṣaṇa	onomasticon	inm,pui	2	
grintser-kadambari	Дхарма	Darma	Dharma	onomasticon	inm,pui	2	
grintser-kadambari	Дхарма	Darma	Dharma	onomasticon	inm,pui	2	
grintser-kadambari	Дхундхумара	DunDumAra	Dhundhumāra	onomasticon	inm,pui	1	
grintser-kadambari	Индра	indra	Indra	onomasticon	inm,pui	2	
grintser-kadambari	Кабандха	kabanDa	Kabandha	onomasticon	inm,pui	2	
grintser-kadambari	Кадру	kadrU	Kadrū	onomasticon	inm,pui	1	
grintser-kadambari	Кайласа	kElAsa	Kailāsa	onomasticon	inm,pui	2	
grintser-kadambari	Кама	kAma	Kāma	onomasticon	inm,pui	1	
grintser-kadambari	Капила	kapila	Kapila	onomasticon	inm,pui	1	
grintser-kadambari	Карттикея	kArtikeya	Kārtikeya	iast-witness-only		1	
grintser-kadambari	Краунча	krOYca	Krauñca	onomasticon	inm,pui	1	
grintser-kadambari	Краунча	krOYca	Krauñca	onomasticon	inm,pui	1	
grintser-kadambari	Кубера	kubera	Kubera	onomasticon	inm,pui	2	
grintser-kadambari	Кумара	kumAra	Kumāra	onomasticon	inm,pui	1	
grintser-kadambari	Кхара	Kara	Khara	onomasticon	inm,pui	1	
grintser-kadambari	Магадха	magaDa	Magadha	onomasticon	inm,pui	1	
grintser-kadambari	Мадана	madana	Madana	onomasticon	inm,pui	1	
grintser-kadambari	Мадана	madana	Madana	onomasticon	inm,pui	1	
grintser-kadambari	Мадху	maDu	Madhu	onomasticon	inm,pui	1	
grintser-kadambari	Мадхусудана	maDusUdana	Madhusūdana	onomasticon	inm,pui	1	
grintser-kadambari	Майнака	mEnAka	Maināka	onomasticon	inm,pui	1	
grintser-kadambari	Малая	malaya	Malaya	onomasticon	inm,pui	1	
grintser-kadambari	Манаса	mAnasa	Mānasa	onomasticon	inm,pui	1	
grintser-kadambari	Мандакини	mandAkinI	Mandākinī	onomasticon	inm,pui	2	
grintser-kadambari	Мандара	mandara	Mandara	onomasticon	inm,pui	2	
grintser-kadambari	Манматха	manmaTa	Manmatha	onomasticon	inm,pui	2	
grintser-kadambari	Матали	mAtali	Mātali	onomasticon	inm,pui	1	
grintser-kadambari	Менака	menakA	Menakā	onomasticon	inm,pui	1	
grintser-kadambari	Меру	meru	Meru	onomasticon	inm,pui	2	
grintser-kadambari	Нала	nala	Nala	onomasticon	inm,pui	1	
grintser-kadambari	Нала	nala	Nala	onomasticon	inm,pui	1	
grintser-kadambari	Нандана	nandana	Nandana	onomasticon	inm,pui	2	
grintser-kadambari	Нарака	naraka	Naraka	onomasticon	inm,pui	1	
grintser-kadambari	Нараяна	nArAyaRa	Nārāyaṇa	onomasticon	inm,pui	1	
grintser-kadambari	Нахуша	nahuza	Nahuṣa	onomasticon	inm,pui	2	
grintser-kadambari	Нила	nIla	Nīla	onomasticon	inm,pui	1	
grintser-kadambari	Нила	nIla	Nīla	onomasticon	inm,pui	1	
grintser-kadambari	Пампа	pampA	Pampā	onomasticon	inm,pui	2	
grintser-kadambari	Парвати	pArvatI	Pārvatī	onomasticon	inm,pui	2	
grintser-kadambari	Пашупати	paSupati	Paśupati	onomasticon	inm,pui	1	
grintser-kadambari	Праджапати	prajApati	Prajāpati	onomasticon	inm,pui	2	
grintser-kadambari	Притху	pfTu	Pṛthu	onomasticon	inm,pui	1	
grintser-kadambari	Пуруравас	purUravas	Purūravas	onomasticon	inm,pui	1	
grintser-kadambari	Пурушоттама	puruzottama	Puruṣottama	onomasticon	inm,pui	1	
grintser-kadambari	Равана	rAvaRa	Rāvaṇa	onomasticon	inm,pui	2	
grintser-kadambari	Рамбха	ramBA	Rambhā	onomasticon	inm,pui	2	
grintser-kadambari	Рати	rati	Rati	onomasticon	inm,pui	1	
grintser-kadambari	Раху	rAhu	Rāhu	onomasticon	inm,pui	2	
grintser-kadambari	Ренука	reRukA	Reṇukā	onomasticon	inm,pui	1	
grintser-kadambari	Ришьямука	fSyamUka	Ṛśyamūka	lexicon		1	
grintser-kadambari	Ришьямука	fzyamUka	Ṛṣyamūka	onomasticon	inm,pui	1	
grintser-kadambari	Ришьяшринга	fzyASfNga	Ṛṣyāśṛṅga	iast-witness-only		1	
grintser-kadambari	Рохини	rohiRI	Rohiṇī	onomasticon	inm,pui	3	
grintser-kadambari	Рохини	rohiRI	Rohiṇī	onomasticon	inm,pui	3	
grintser-kadambari	Рудра	rudra	Rudra	onomasticon	inm,pui	2	
grintser-kadambari	Савитар	savitf	Savitṛ	onomasticon	inm	1	
grintser-kadambari	Сагара	sagara	Sagara	onomasticon	inm,pui	1	
grintser-kadambari	Сарасвати	sarasvatI	Sarasvatī	onomasticon	inm,pui	1	
grintser-kadambari	Сита	sItA	Sītā	onomasticon	inm,pui	3	
grintser-kadambari	Сканда	skanda	Skanda	onomasticon	inm,pui	1	
grintser-kadambari	Сома	somA	Somā	onomasticon	inm	1	
grintser-kadambari	Сома	soma	Soma	onomasticon	inm,pui	2	
grintser-kadambari	Сома	somA	Somā	onomasticon	inm	1	
grintser-kadambari	Сома	soma	Soma	onomasticon	inm,pui	2	
grintser-kadambari	Стхулаширас	sTUlaSiras	Sthūlaśiras	onomasticon	inm	1	
grintser-kadambari	Сугрива	sugrIva	Sugrīva	onomasticon	inm,pui	2	
grintser-kadambari	Супарна	suparRa	Suparṇa	onomasticon	inm,pui	2	
grintser-kadambari	Тара	tArA	Tārā	onomasticon	inm,pui	1	
grintser-kadambari	Тара	tAra	Tāra	onomasticon	inm,pui	1	
grintser-kadambari	Трипура	tripura	Tripura	onomasticon	inm,pui	1	
grintser-kadambari	Тумбуру	tumburu	Tumburu	onomasticon	inm,pui	2	
grintser-kadambari	Ума	umA	Umā	onomasticon	inm,pui	1	
grintser-kadambari	Урваши	urvaSI	Urvaśī	onomasticon	inm,pui	1	
grintser-kadambari	Уччайхшравас	uccEHSravas	Uccaiḥśravas	onomasticon	inm	1	
grintser-kadambari	Хануман	hanumAn	Hanumān	onomasticon	pui	1	
grintser-kadambari	Хари	harI	Harī	onomasticon	inm	1	
grintser-kadambari	Хари	hari	Hari	onomasticon	inm,pui	1	
grintser-kadambari	Читраратха	citraraTa	Citraratha	onomasticon	inm,pui	2	
grintser-kadambari	Чьявана	cyavana	Cyavana	onomasticon	inm,pui	1	
grintser-kadambari	Шалмали	SAlmalI	Śālmalī	lexicon		1	
grintser-kadambari	Шанкара	SaNkara	Śaṅkara	onomasticon	inm	1	
grintser-kadambari	Шеша	Seza	Śeṣa	onomasticon	inm,pui	2	
grintser-kadambari	Шива	Siva	Śiva	onomasticon	inm,pui	1	
grintser-kadambari	Шри	SrI	Śrī	onomasticon	inm,pui	2	
grintser-kadambari	Шри	SrI	Śrī	onomasticon	inm,pui	2	
grintser-kadambari	Шукра	Sukra	Śukra	onomasticon	inm,pui	2	
grintser-kadambari	Яяти	yayAti	Yayāti	onomasticon	inm,pui	2	
grintser-ramayana12	Агастья	agastya	Agastya	onomasticon	inm,pui	2	Agastya
grintser-ramayana12	Агни	agni	Agni	onomasticon	inm,pui	2	Agni
grintser-ramayana12	Агниварна	agnivarRa	Agnivarṇa	onomasticon	pui	1	Agnivarṇa
grintser-ramayana12	Аджа	aja	Aja	onomasticon	inm,pui	1	Aja
grintser-ramayana12	Адити	aditi	Aditi	onomasticon	inm,pui	2	Aditi
grintser-ramayana12	Адрикритастхасли	adrikftasTalI	Adrikṛtasthalī	lexicon		1	Adrikṛtasthalī
grintser-ramayana12	Айодхья	ayoDyA	Ayodhyā	onomasticon	inm,pui	2	Ayodhyā
grintser-ramayana12	Айравата	ErAvata	Airāvata	onomasticon	inm,pui	2	Airāvata
grintser-ramayana12	Акша	akza	Akṣa	onomasticon	inm,pui	1	Akṣa
grintser-ramayana12	Аламбуша	alambuzA	Alambuṣā	onomasticon	inm,pui	2	Alambuṣā
grintser-ramayana12	Аламбуша	alambuzA	Alambuṣā	onomasticon	inm,pui	2	Alambuṣā
grintser-ramayana12	Аларка	alarka	Alarka	onomasticon	inm,pui	1	Alarka
grintser-ramayana12	Амаравати	amarAvatI	Amarāvatī	onomasticon	inm,pui	2	Amarāvatī
grintser-ramayana12	Амбариша	ambarIza	Ambarīṣa	onomasticon	inm	1	Ambarīṣa
grintser-ramayana12	Ананга	anaNga	Anaṅga	onomasticon	inm,pui	1	Anaṅga
grintser-ramayana12	Анаранья	anaraRya	Anaraṇya	onomasticon	inm,pui	1	Anaraṇya
grintser-ramayana12	Анасуя	anasUyA	Anasūyā	onomasticon	pui	1	Anasūyā
grintser-ramayana12	Анга	aNga	Aṅga	onomasticon	inm,pui	1	Aṅga
grintser-ramayana12	Ангада	aNgada	Aṅgada	onomasticon	inm,pui	1	Aṅgada
grintser-ramayana12	Ангирас	aNgiras	Aṅgiras	onomasticon	inm,pui	2	Aṅgiras
grintser-ramayana12	Анджана	aYjana	Añjana	onomasticon	inm,pui	1	Añjana
grintser-ramayana12	Антака	antaka	Antaka	onomasticon	inm,pui	2	Antaka
grintser-ramayana12	Аншуман	aNSumAn	Aṅśumān	iast-witness-only		1	Aṅśumān
grintser-ramayana12	Апаратала	aparatAla	Aparatāla	iast-witness-only		1	Aparatāla
grintser-ramayana12	Ариштанеми	arizwanemi	Ariṣṭanemi	onomasticon	inm,pui	2	Ariṣṭanemi
grintser-ramayana12	Арьяман	aryaman	Aryaman	onomasticon	inm,pui	1	Aryaman
grintser-ramayana12	Асаманьджа	asamaYja	Asamañja	lexicon		1	Asamañja
grintser-ramayana12	Асита	asita	Asita	onomasticon	inm,pui	1	Asita
grintser-ramayana12	Асуртараджаса	asUrtarajasa	Asūrtarajasa	lexicon		1	Asūrtarajasa
grintser-ramayana12	Атри	atri	Atri	onomasticon	inm,pui	2	Atri
grintser-ramayana12	Ахалья	ahalyA	Ahalyā	onomasticon	inm,pui	1	Ahalyā
grintser-ramayana12	Ашвапати	aSvapati	Aśvapati	onomasticon	inm,pui	1	Aśvapati
grintser-ramayana12	Ашвины	aSvinO	Aśvinau	iast-witness-only		2	Aśvinau
grintser-ramayana12	Ашоканандана	aSokanandana	Aśokanandana	iast-witness-only		1	Aśokanandana
grintser-ramayana12	Бала	bala	Bala	onomasticon	inm,pui	2	Bala
grintser-ramayana12	Бали	bali	Bali	onomasticon	inm,pui	2	Bali
grintser-ramayana12	Бана	bARa	Bāṇa	onomasticon	inm,pui	1	Bāṇa
grintser-ramayana12	Бахлика	bAhlika	Bāhlika	lexicon		1	Bāhlika
grintser-ramayana12	Бинду	bindu	Bindu	onomasticon	inm,pui	1	Bindu, Bindusaras
grintser-ramayana12	Брахма	brahmA	Brahmā	onomasticon	pui	2	Brahmā
grintser-ramayana12	Брахмадатта	brahmadatta	Brahmadatta	onomasticon	inm,pui	1	Brahmadatta
grintser-ramayana12	Брихадратха	bfhadraTa	Bṛhadratha	onomasticon	inm,pui	1	Bṛhadratha
grintser-ramayana12	Брихаспати	bfhaspati	Bṛhaspati	onomasticon	inm,pui	2	Bṛhaspati
grintser-ramayana12	Будда	budDa	Buddha	onomasticon	pui	1	Buddha
grintser-ramayana12	Будха	buDa	Budha	onomasticon	inm,pui	2	Budha
grintser-ramayana12	Бхава	Bava	Bhava	onomasticon	inm,pui	1	Bhava
grintser-ramayana12	Бхага	Baga	Bhaga	onomasticon	inm,pui	2	Bhaga
grintser-ramayana12	Бхагиратха	BagIraTa	Bhagīratha	onomasticon	inm,pui	1	Bhagīratha
grintser-ramayana12	Бхагиратхи	BAgIraTI	Bhāgīrathī	onomasticon	inm,pui	1	Bhāgīrathī
grintser-ramayana12	Бхарадваджа	BaradvAja	Bharadvāja	onomasticon	inm,pui	2	Bharadvāja
grintser-ramayana12	Бхарадваджа	BaradvAja	Bharadvāja	onomasticon	inm,pui	2	Bharadvāja
grintser-ramayana12	Бхарата	Barata	Bharata	onomasticon	inm,pui	3	Bharata
grintser-ramayana12	Бхарата	Barata	Bharata	onomasticon	inm,pui	3	Bharata
grintser-ramayana12	Бхима	BIma	Bhīma	onomasticon	inm,pui	1	Bhīma
grintser-ramayana12	Бхогавати	BogavatI	Bhogavatī	onomasticon	inm,pui	2	Bhogavatī
grintser-ramayana12	Бхригу	Bfgu	Bhṛgu	onomasticon	inm,pui	1	Bhṛgu
grintser-ramayana12	Бхригупрасравана	BfguprasravaRa	Bhṛguprasravaṇa	lexicon		1	Bhṛguprasravaṇa
grintser-ramayana12	Бхригутунга	BfgutuNga	Bhṛgutuṅga	onomasticon	inm	1	Bhṛgutuṅga
grintser-ramayana12	Вайшравана	vESravaRa	Vaiśravaṇa	onomasticon	inm,pui	2	Vaiśravaṇa
grintser-ramayana12	Валин	vAlin	Vālin	onomasticon	inm	2	Vālin
grintser-ramayana12	Вальмики	vAlmIki	Vālmīki	onomasticon	inm,pui	1	Vālmīki
grintser-ramayana12	Вамадева	vAmadeva	Vāmadeva	onomasticon	inm,pui	1	Vāmadeva
grintser-ramayana12	Вамана	vAmanA	Vāmanā	lexicon		1	Vāmana
grintser-ramayana12	Вамана	vAmana	Vāmana	onomasticon	inm,pui	2	Vāmana
grintser-ramayana12	Вамана	vAmanA	Vāmanā	lexicon		1	Vāmana
grintser-ramayana12	Вамана	vAmana	Vāmana	onomasticon	inm,pui	2	Vāmana
grintser-ramayana12	Вамана	vAmanA	Vāmanā	lexicon		1	Vāmanā
grintser-ramayana12	Вамана	vAmana	Vāmana	onomasticon	inm,pui	2	Vāmanā
grintser-ramayana12	Ванаю	vanAyu	Vanāyu	onomasticon	inm	1	Vanāyu
grintser-ramayana12	Ванга	vaNga	Vaṅga	onomasticon	inm,pui	1	Vaṅga
grintser-ramayana12	Варуна	varuRa	Varuṇa	onomasticon	inm,pui	2	Varuṇa
grintser-ramayana12	Варуни	vAruRI	Vāruṇī	onomasticon	inm,pui	1	Vāruṇī
grintser-ramayana12	Васава	vAsava	Vāsava	onomasticon	inm,pui	2	Vāsava
grintser-ramayana12	Васваукасара	vasvOkasArA	Vasvaukasārā	onomasticon	inm,pui	1	Vasvaukasārā
grintser-ramayana12	Васиштха	vasizWa	Vasiṣṭha	onomasticon	inm,pui	2	Vasiṣṭha
grintser-ramayana12	Васу	vasu	Vasu	onomasticon	inm,pui	1	Vasu
grintser-ramayana12	Васудева	vAsudeva	Vāsudeva	onomasticon	inm,pui	1	Vāsudeva
grintser-ramayana12	Васуки	vAsuki	Vāsuki	onomasticon	inm,pui	2	Vāsuki
grintser-ramayana12	Васумати	vasumatI	Vasumatī	onomasticon	inm,pui	1	Vasumatī
grintser-ramayana12	Вачаспати	vAcaspati	Vācaspati	onomasticon	inm,pui	1	Vācaspati
grintser-ramayana12	Ваю	vAyu	Vāyu	onomasticon	inm,pui	2	Vāyu
grintser-ramayana12	Ведашрути	vedaSruti	Vedaśruti	lexicon		1	Vedaśruti
grintser-ramayana12	Вибудха	vibuDa	Vibudha	onomasticon	inm,pui	1	Vibudha
grintser-ramayana12	Вибхандака	viBARqaka	Vibhāṇḍaka	onomasticon	inm	1	Vibhāṇḍaka
grintser-ramayana12	Вибхишана	viBIzaRa	Vibhīṣaṇa	onomasticon	inm,pui	2	Vibhīṣaṇa
grintser-ramayana12	Вивасват	vivasvat	Vivasvat	onomasticon	inm,pui	2	Vivasvat
grintser-ramayana12	Видарбха	vidarBa	Vidarbha	onomasticon	inm,pui	1	Vidarbha
grintser-ramayana12	Видеха	videha	Videha	onomasticon	inm,pui	2	Videha
grintser-ramayana12	Виджая	vijaya	Vijaya	onomasticon	inm,pui	1	Vijaya
grintser-ramayana12	Видхатар	viDAtf	Vidhātṛ	onomasticon	inm	1	Vidhatṛ
grintser-ramayana12	Видхатар	viDatf	Vidhatṛ	iast-witness-only		1	Vidhatṛ
grintser-ramayana12	Викукши	vikukzi	Vikukṣi	onomasticon	pui	1	Vikukṣi
grintser-ramayana12	Вината	vinatA	Vinatā	onomasticon	inm,pui	2	Vinatā
grintser-ramayana12	Виндхья	vinDya	Vindhya	onomasticon	inm,pui	2	Vindhya
grintser-ramayana12	Випаша	vipASA	Vipāśā	onomasticon	inm,pui	1	Vipāśā
grintser-ramayana12	Вирадха	virADa	Virādha	onomasticon	pui	2	Virādha
grintser-ramayana12	Вирочана	virocana	Virocana	onomasticon	inm,pui	1	Virocana
grintser-ramayana12	Вишала	viSAlA	Viśālā	onomasticon	inm,pui	1	Viśālā
grintser-ramayana12	Вишала	viSAla	Viśāla	onomasticon	inm,pui	1	Viśālā
grintser-ramayana12	Вишала	viSAlA	Viśālā	onomasticon	inm,pui	1	Viśāla
grintser-ramayana12	Вишала	viSAla	Viśāla	onomasticon	inm,pui	1	Viśāla
grintser-ramayana12	Вишвавасу	viSvAvasu	Viśvāvasu	onomasticon	inm,pui	1	Viśvāvasu
grintser-ramayana12	Вишвакарман	viSvakarman	Viśvakarman	onomasticon	inm	2	Viśvakarman
grintser-ramayana12	Вишвамитра	viSvAmitra	Viśvāmitra	onomasticon	inm,pui	2	Viśvāmitra
grintser-ramayana12	Вишвачи	viSvAcI	Viśvācī	onomasticon	inm	1	Viśvācī
grintser-ramayana12	Вишну	vizRu	Viṣṇu	onomasticon	inm,pui	2	Viṣṇu
grintser-ramayana12	Вишнупада	vizRupada	Viṣṇupada	onomasticon	inm	1	Viṣṇupada
grintser-ramayana12	Вишравас	viSravas	Viśravas	onomasticon	inm,pui	2	Viśravas
grintser-ramayana12	Вритра	vftra	Vṛtra	onomasticon	inm,pui	2	Vṛtra
grintser-ramayana12	Гадхи	gADi	Gādhi	onomasticon	inm,pui	1	Gādhi
grintser-ramayana12	Ганга	gaNgA	Gaṅgā	onomasticon	inm	2	Gaṅgā
grintser-ramayana12	Гандхамадана	ganDamAdana	Gandhamādana	onomasticon	inm,pui	2	Gandhamādana
grintser-ramayana12	Гандхамадана	ganDamAdana	Gandhamādana	onomasticon	inm,pui	2	Gandhamādana
grintser-ramayana12	Гаруда	gAruqa	Gāruḍa	onomasticon	inm	1	Gāruḍa
grintser-ramayana12	Гаруда	garuqa	Garuḍa	onomasticon	inm,pui	1	Gāruḍa
grintser-ramayana12	Гаутама	gOtama	Gautama	onomasticon	inm,pui	2	Gautama
grintser-ramayana12	Гая	gaya	Gaya	onomasticon	inm,pui	2	Gaya
grintser-ramayana12	Гая	gaya	Gaya	onomasticon	inm,pui	2	Gaya
grintser-ramayana12	Гиривраджа	girivraja	Girivraja	onomasticon	inm,pui	1	Girivraja
grintser-ramayana12	Гокарна	gokarRa	Gokarṇa	onomasticon	inm,pui	1	Gokarṇa
grintser-ramayana12	Гомати	gomatI	Gomatī	onomasticon	inm,pui	1	Gomatī
grintser-ramayana12	Гопа	gopa	Gopa	onomasticon	inm,pui	1	Gopa
grintser-ramayana12	Гуха	guha	Guha	onomasticon	inm,pui	1	Guha
grintser-ramayana12	Гхритачи	GftAcI	Ghṛtācī	onomasticon	inm,pui	1	Ghṛtācī
grintser-ramayana12	Дакша	dakza	Dakṣa	onomasticon	inm,pui	2	Dakṣa
grintser-ramayana12	Дакшинапатха	dakziRApaTa	Dakṣiṇāpatha	onomasticon	inm,pui	1	Dakṣiṇāpatha
grintser-ramayana12	Дандака	daRqaka	Daṇḍaka	onomasticon	inm,pui	1	Daṇḍaka
grintser-ramayana12	Дандака	dandaka	Dandaka	iast-witness-only		1	Daṇḍaka
grintser-ramayana12	Дардура	dardura	Dardura	onomasticon	inm,pui	1	Dardura
grintser-ramayana12	Дашагрива	daSagrIva	Daśagrīva	onomasticon	inm,pui	2	Daśagrīva
grintser-ramayana12	Дашаратха	daSaraTa	Daśaratha	onomasticon	inm,pui	2	Daśaratha
grintser-ramayana12	Двивида	dvivida	Dvivida	onomasticon	inm,pui	1	Dvivida
grintser-ramayana12	Девамидха	devamIQa	Devamīḍha	onomasticon	inm,pui	1	Devamīḍha
grintser-ramayana12	Деварата	devarAta	Devarāta	onomasticon	inm,pui	1	Devarāta
grintser-ramayana12	Джабали	jAbAli	Jābāli	onomasticon	inm,pui	1	Jābāli
grintser-ramayana12	Джамадагни	jamadagni	Jamadagni	onomasticon	inm,pui	1	Jamadagni
grintser-ramayana12	Джамбават	jAmbavat	Jāmbavat	onomasticon	inm	1	Jāmbavat
grintser-ramayana12	Джамбудвипа	jambUdvIpa	Jambūdvīpa	onomasticon	inm,pui	1	Jambūdvīpa
grintser-ramayana12	Джамбха	jamBa	Jambha	onomasticon	inm,pui	1	Jambha
grintser-ramayana12	Джанака	janaka	Janaka	onomasticon	inm,pui	3	Janaka
grintser-ramayana12	Джанака	janaka	Janaka	onomasticon	inm,pui	3	Janaka
grintser-ramayana12	Джанамеджая	janamejaya	Janamejaya	onomasticon	inm,pui	1	Janamejaya
grintser-ramayana12	Джанардана	janArdana	Janārdana	onomasticon	inm,pui	1	Janārdana
grintser-ramayana12	Джанастхана	janasTAna	Janasthāna	onomasticon	inm,pui	2	Janasthāna
grintser-ramayana12	Джатаюс	jatAyus	Jatāyus	iast-witness-only		1	Jaṭāyus
grintser-ramayana12	Джатаюс	jawAyus	Jaṭāyus	lexicon		1	Jaṭāyus
grintser-ramayana12	Джахнави	jAhnavI	Jāhnavī	onomasticon	inm,pui	1	Jāhnavī
grintser-ramayana12	Джахну	jahnu	Jahnu	onomasticon	inm,pui	1	Jahnu
grintser-ramayana12	Джая	jayA	Jayā	onomasticon	inm,pui	1	Jayā
grintser-ramayana12	Джаянта	jayanta	Jayanta	onomasticon	inm,pui	1	Jayanta
grintser-ramayana12	Дилипа	dilIpa	Dilīpa	onomasticon	inm,pui	1	Dilīpa
grintser-ramayana12	Диргхаюс	dIrGAyus	Dīrghāyus	onomasticon	inm	1	Dīrghāyus
grintser-ramayana12	Дити	diti	Diti	onomasticon	inm,pui	2	Diti
grintser-ramayana12	Дравида	drAviqa	Drāviḍa	onomasticon	inm	1	Drāviḍa
grintser-ramayana12	Дридханетра	dfQanetra	Dṛḍhanetra	lexicon		1	Dṛḍhanetra
grintser-ramayana12	Дундубхи	dunduBi	Dundubhi	onomasticon	inm,pui	2	Dundubhi
grintser-ramayana12	Душана	dUzaRa	Dūṣaṇa	onomasticon	inm,pui	2	Dūṣaṇa
grintser-ramayana12	Дханвантари	Danvantari	Dhanvantari	onomasticon	inm,pui	1	Dhanvantari
grintser-ramayana12	Дхарма	Darma	Dharma	onomasticon	inm,pui	2	Dharma
grintser-ramayana12	Дхармавардхана	DarmavarDana	Dharmavardhana	lexicon		1	Dharmavardhana
grintser-ramayana12	Дхармапала	DarmapAla	Dharmapāla	lexicon		1	Dharmapāla
grintser-ramayana12	Дхармараджа	DarmarAja	Dharmarāja	onomasticon	inm,pui	1	Dharmarāja
grintser-ramayana12	Дхармаранья	DarmAraRya	Dharmāraṇya	onomasticon	inm	1	Dharmāraṇya
grintser-ramayana12	Дхатар	DAtf	Dhātṛ	onomasticon	inm,pui	2	Dhātṛ
grintser-ramayana12	Дхриштакету	Dfzwaketu	Dhṛṣṭaketu	onomasticon	inm,pui	1	Dhṛṣṭaketu
grintser-ramayana12	Дхришти	Dfzwi	Dhṛṣṭi	onomasticon	pui	1	Dhṛṣṭi
grintser-ramayana12	Дхрувасандхи	DruvasaMDi	Dhruvasaṃdhi	lexicon		1	Dhruvasaṃdhi
grintser-ramayana12	Дхумрашва	DUmrASva	Dhūmrāśva	onomasticon	pui	1	Dhūmrāśva
grintser-ramayana12	Дхундхумара	DunDumAra	Dhundhumāra	onomasticon	inm,pui	1	Dhundhumāra
grintser-ramayana12	Дьюматсена	dyumatsena	Dyumatsena	onomasticon	inm,pui	1	Dyumatsena
grintser-ramayana12	Икшваку	ikzvAku	Ikṣvāku	onomasticon	inm,pui	2	Ikṣvāku
grintser-ramayana12	Икшумати	ikzumatI	Ikṣumatī	onomasticon	inm,pui	1	Ikṣumatī
grintser-ramayana12	Индра	indra	Indra	onomasticon	inm,pui	2	Indra
grintser-ramayana12	Индраджит	indrajit	Indrajit	onomasticon	inm,pui	1	Indrajit
grintser-ramayana12	Кабандха	kabanDa	Kabandha	onomasticon	inm,pui	2	Kabandha
grintser-ramayana12	Кавья	kAvya	Kāvya	onomasticon	inm,pui	1	Kāvya
grintser-ramayana12	Кайкейи	kEkeyI	Kaikeyī	onomasticon	inm,pui	2	Kaikeyī
grintser-ramayana12	Кайласа	kElAsa	Kailāsa	onomasticon	inm,pui	2	Kailāsa
grintser-ramayana12	Какутстха	kAkutsTa	Kākutstha	onomasticon	inm	1	Kakutstha
grintser-ramayana12	Какутстха	kakutsTa	Kakutstha	onomasticon	inm,pui	2	Kakutstha
grintser-ramayana12	Какутстха	kAkutsTa	Kākutstha	onomasticon	inm	1	Kākutstha
grintser-ramayana12	Какутстха	kakutsTa	Kakutstha	onomasticon	inm,pui	2	Kākutstha
grintser-ramayana12	Кала	kAla	Kāla	onomasticon	inm,pui	2	Kāla
grintser-ramayana12	Калапа	kAlApa	Kālāpa	lexicon		1	Kālāpa
grintser-ramayana12	Калинганагара	kaliNganagara	Kaliṅganagara	iast-witness-only		1	Kaliṅganagara
grintser-ramayana12	Калинди	kAlindI	Kālindī	onomasticon	inm,pui	2	Kālindī
grintser-ramayana12	Калинди	kAlindI	Kālindī	onomasticon	inm,pui	2	Kālindī
grintser-ramayana12	Калмашапада	kalmAzapAda	Kalmāṣapāda	onomasticon	inm,pui	1	Kalmāṣapāda
grintser-ramayana12	Кама	kAma	Kāma	onomasticon	inm,pui	1	Kāma
grintser-ramayana12	Камбоджа	kamboja	Kamboja	onomasticon	pui	1	Kamboja
grintser-ramayana12	Кампилья	kAmpilya	Kāmpilya	onomasticon	inm,pui	1	Kāmpilya
grintser-ramayana12	Кандарпа	kandarpa	Kandarpa	onomasticon	inm,pui	2	Kandarpa; этимология не ясна
grintser-ramayana12	Канду	kaRqu	Kaṇḍu	onomasticon	pui	1	Kaṇḍu
grintser-ramayana12	Капивати	kapIvatI	Kapīvatī	lexicon		1	Kapīvatī
grintser-ramayana12	Капила	kapila	Kapila	onomasticon	inm,pui	1	Kapila
grintser-ramayana12	Каруша	karUza	Karūṣa	onomasticon	inm,pui	1	Karūṣa
grintser-ramayana12	Катха	kAWa	Kāṭha	lexicon		1	Kāṭha
grintser-ramayana12	Катьяяна	kAtyAyana	Kātyāyana	onomasticon	pui	1	Kātyāyana
grintser-ramayana12	Каушамби	kOSambI	Kauśambī	iast-witness-only		1	Kauśambī
grintser-ramayana12	Каушика	kOSika	Kauśika	onomasticon	inm,pui	1	Kauśika
grintser-ramayana12	Каушики	kOSikI	Kauśikī	onomasticon	inm,pui	1	Kauśikī
grintser-ramayana12	Каши	kASi	Kāśi	onomasticon	inm,pui	1	Kāśi
grintser-ramayana12	Кашьяпа	kASyapa	Kāśyapa	onomasticon	inm,pui	1	Kaśyapa
grintser-ramayana12	Кашьяпа	kaSyapa	Kaśyapa	onomasticon	pui	2	Kaśyapa
grintser-ramayana12	Кашьяпа	kASyapa	Kāśyapa	onomasticon	inm,pui	1	Kāśyapa
grintser-ramayana12	Кашьяпа	kaSyapa	Kaśyapa	onomasticon	pui	2	Kāśyapa
grintser-ramayana12	Кекая	kekaya	Kekaya	onomasticon	inm,pui	1	Kekaya
grintser-ramayana12	Кешава	keSava	Keśava	onomasticon	inm,pui	1	Keśava
grintser-ramayana12	Кешини	keSinI	Keśinī	onomasticon	inm,pui	1	Keśinī
grintser-ramayana12	Киртирата	kIrtirAta	Kīrtirāta	onomasticon	pui	1	Kīrtirāta
grintser-ramayana12	Киртиратха	kIrtiraTa	Kīrtiratha	onomasticon	pui	1	Kīrtiratha
grintser-ramayana12	Кишкиндха	kizkinDA	Kiṣkindhā	onomasticon	inm,pui	1	Kiṣkindhā
grintser-ramayana12	Криттики	kfttikAs	Kṛttikās	iast-witness-only		1	Kṛttikās
grintser-ramayana12	Кришашва	kfSASva	Kṛśāśva	onomasticon	inm,pui	1	Kṛśāśva
grintser-ramayana12	Кришна	kRzRa	Kṇṣṇa	iast-witness-only		1	Kṇṣṇa
grintser-ramayana12	Кубера	kubera	Kubera	onomasticon	inm,pui	2	Kubera
grintser-ramayana12	Кукши	kukzi	Kukṣi	onomasticon	inm,pui	1	Kukṣi
grintser-ramayana12	Кулинга	kuliNga	Kuliṅga	onomasticon	inm	1	Kuliṅga, Kuliṅgā
grintser-ramayana12	Кумара	kumAra	Kumāra	onomasticon	inm,pui	1	Kumāra
grintser-ramayana12	Кумбхакарна	kumBakarRa	Kumbhakarṇa	onomasticon	inm,pui	2	Kumbhakarṇa
grintser-ramayana12	Куру	kuru	Kuru	onomasticon	inm,pui	1	Kuru
grintser-ramayana12	Куруджангала	kurujANgala	Kurujāṅgala	onomasticon	inm,pui	1	Kurujāṅgala
grintser-ramayana12	Куша	kuSa	Kuśa	onomasticon	pui	2	Kuśa
grintser-ramayana12	Куша	kuSa	Kuśa	onomasticon	pui	2	Kuśa
grintser-ramayana12	Кушадхваджа	kuSaDvaja	Kuśadhvaja	onomasticon	pui	1	Kuśadhvaja
grintser-ramayana12	Кушамба	kuSAmba	Kuśāmba	onomasticon	inm,pui	1	Kuśāmba
grintser-ramayana12	Кушанабха	kuSanABa	Kuśanābha	onomasticon	pui	1	Kuśanābha
grintser-ramayana12	Кушаплава	kuSaplava	Kuśaplava	lexicon		1	Kuśaplava
grintser-ramayana12	Кушашва	kuSASva	Kuśāśva	onomasticon	pui	1	Kuśāśva
grintser-ramayana12	Кхара	Kara	Khara	onomasticon	inm,pui	1	Khara
grintser-ramayana12	Лава	lava	Lava	onomasticon	pui	1	Lava
grintser-ramayana12	Лакшмана	lakzmaRa	Lakṣmaṇa	onomasticon	inm,pui	2	Lakṣmaṇa
grintser-ramayana12	Ланка	laNkA	Laṅkā	onomasticon	inm,pui	2	Laṅkā
grintser-ramayana12	Магадха	magaDa	Magadha	onomasticon	inm,pui	1	Magadha
grintser-ramayana12	Магхаван	maGavan	Maghavan	onomasticon	inm	2	Maghavan
grintser-ramayana12	Мадана	madana	Madana	onomasticon	inm,pui	1	Madana
grintser-ramayana12	Мадху	maDu	Madhu	onomasticon	inm,pui	1	Madhu
grintser-ramayana12	Мадхусудана	maDusUdana	Madhusūdana	onomasticon	inm,pui	1	Madhusūdana
grintser-ramayana12	Мадхушпанда	maDuzpanda	Madhuṣpanda	lexicon		1	Madhuṣpanda
grintser-ramayana12	Майнака	mEnAka	Maināka	onomasticon	inm,pui	1	Maināka
grintser-ramayana12	Майнда	mEnda	Mainda	onomasticon	inm,pui	1	Mainda
grintser-ramayana12	Малада	malada	Malada	onomasticon	inm,pui	1	Malada
grintser-ramayana12	Малая	malaya	Malaya	onomasticon	inm,pui	1	Malaya
grintser-ramayana12	Малини	mAlinI	Mālinī	onomasticon	inm,pui	1	Mālinī
grintser-ramayana12	Манаса	mAnasa	Mānasa	onomasticon	inm,pui	1	Mānasa
grintser-ramayana12	Мандави	mARqavI	Māṇḍavī	onomasticon	pui	1	Māṇḍavī
grintser-ramayana12	Мандакини	mandAkinI	Mandākinī	onomasticon	inm,pui	2	Mandākinī
grintser-ramayana12	Мандара	mandara	Mandara	onomasticon	inm,pui	2	Mandara
grintser-ramayana12	Мандхатар	mAnDAtf	Māndhātṛ	onomasticon	inm	1	Māndhātṛ
grintser-ramayana12	Манматха	manmaTa	Manmatha	onomasticon	inm,pui	2	Manmatha
grintser-ramayana12	Мантхара	manTarA	Mantharā	onomasticon	inm	2	Mantharā
grintser-ramayana12	Мантхара	manTarA	Mantharā	onomasticon	inm	2	Mantharā
grintser-ramayana12	Ману	manu	Manu	onomasticon	inm,pui	2	Manu
grintser-ramayana12	Марича	mArIca	Mārīca	onomasticon	inm,pui	2	Mārīca
grintser-ramayana12	Маричи	marIci	Marīci	onomasticon	inm,pui	2	Marīci
grintser-ramayana12	Маркандея	mArkaRqeya	Mārkaṇḍeya	onomasticon	inm,pui	1	Mārkaṇḍeya
grintser-ramayana12	Мару	maru	Maru	onomasticon	inm,pui	2	Maru
grintser-ramayana12	Мару	maru	Maru	onomasticon	inm,pui	2	Maru
grintser-ramayana12	Марута	mAruta	Māruta	onomasticon	inm,pui	1	Māruta
grintser-ramayana12	Матали	mAtali	Mātali	onomasticon	inm,pui	1	Mātali
grintser-ramayana12	Матсья	matsya	Matsya	onomasticon	inm,pui	1	Matsya
grintser-ramayana12	Маудгалья	mOdgalya	Maudgalya	onomasticon	inm,pui	1	Maudgalya
grintser-ramayana12	Махавира	mahAvIra	Mahāvīra	onomasticon	inm,pui	1	Mahāvīra
grintser-ramayana12	Махадева	mahAdeva	Mahādeva	onomasticon	inm,pui	2	Mahādeva
grintser-ramayana12	Махападма	mahApadma	Mahāpadma	onomasticon	inm,pui	1	Mahāpadma
grintser-ramayana12	Махаратха	mahAraTa	Mahāratha	onomasticon	inm,pui	1	Mahāratha
grintser-ramayana12	Махароман	mahAroman	Mahāroman	onomasticon	pui	1	Mahāroman
grintser-ramayana12	Махендра	mahendra	Mahendra	onomasticon	inm,pui	2	Mahendra
grintser-ramayana12	Махешвара	maheSvara	Maheśvara	onomasticon	inm,pui	1	Maheśvara
grintser-ramayana12	Махидхрака	mahIDraka	Mahīdhraka	lexicon		1	Mahīdhraka
grintser-ramayana12	Маходая	mahodaya	Mahodaya	onomasticon	inm	1	Mahodaya
grintser-ramayana12	Мегханада	meGanAda	Meghanāda	onomasticon	inm,pui	1	Meghanāda
grintser-ramayana12	Мена	menA	Menā	onomasticon	inm,pui	1	Menā
grintser-ramayana12	Менака	menakA	Menakā	onomasticon	inm,pui	1	Menakā
grintser-ramayana12	Меру	meru	Meru	onomasticon	inm,pui	2	Meru
grintser-ramayana12	Митхи	miTi	Mithi	onomasticon	pui	1	Mithi
grintser-ramayana12	Митхила	miTilA	Mithilā	onomasticon	inm,pui	2	Mithilā
grintser-ramayana12	Мишракеши	miSrakeSI	Miśrakeśī	onomasticon	pui	1	Miśrakeśī
grintser-ramayana12	Мохини	mohinI	Mohinī	onomasticon	pui	1	Mohinī
grintser-ramayana12	Набхага	nABAga	Nābhāga	onomasticon	inm,pui	1	Nābhāga
grintser-ramayana12	Нагадатта	nAgadattA	Nāgadattā	iast-witness-only		1	Nāgadattā
grintser-ramayana12	Нала	nala	Nala	onomasticon	inm,pui	1	Nala
grintser-ramayana12	Налини	nalinI	Nalinī	onomasticon	inm,pui	1	Nalinī
grintser-ramayana12	Нандана	nandana	Nandana	onomasticon	inm,pui	2	Nandana
grintser-ramayana12	Нандивардхана	nandivarDana	Nandivardhana	onomasticon	inm,pui	1	Nandivardhana
grintser-ramayana12	Нандиграма	nandigrAma	Nandigrāma	onomasticon	inm,pui	1	Nandigrāma
grintser-ramayana12	Нарада	nArada	Nārada	onomasticon	inm,pui	1	Nārada
grintser-ramayana12	Нараяна	nArAyaRa	Nārāyaṇa	onomasticon	inm,pui	1	Nārāyaṇa
grintser-ramayana12	Нахуша	nahuza	Nahuṣa	onomasticon	inm,pui	2	Nahuṣa
grintser-ramayana12	Нила	nIla	Nīla	onomasticon	inm,pui	1	Nīla
grintser-ramayana12	Ними	nimi	Nimi	onomasticon	inm,pui	1	Nimi
grintser-ramayana12	Павака	pAvaka	Pāvaka	onomasticon	inm,pui	2	Pāvaka
grintser-ramayana12	Павани	pAvanI	Pāvanī	onomasticon	pui	1	Pāvanī
grintser-ramayana12	Пака	pAka	Pāka	onomasticon	inm,pui	2	Pāka
grintser-ramayana12	Пампа	pampA	Pampā	onomasticon	inm,pui	2	Pampā
grintser-ramayana12	Панчала	paYcAla	Pañcāla	onomasticon	inm,pui	1	Pañcāla
grintser-ramayana12	Парвати	pArvatI	Pārvatī	onomasticon	inm,pui	2	Pārvatī
grintser-ramayana12	Парджанья	parjanya	Parjanya	onomasticon	inm,pui	2	Parjanya
grintser-ramayana12	Пашупати	paSupati	Paśupati	onomasticon	inm,pui	1	Paśupati
grintser-ramayana12	Правриддха	pravfdDa	Pravṛddha	lexicon		1	Pravṛddha
grintser-ramayana12	Праджапати	prajApati	Prajāpati	onomasticon	inm,pui	2	Prajāpati
grintser-ramayana12	Праламба	pralamba	Pralamba	onomasticon	inm,pui	1	Pralamba
grintser-ramayana12	Прасенаджит	prasenajit	Prasenajit	onomasticon	inm,pui	1	Prasenajit
grintser-ramayana12	Пратиндхака	pratInDaka	Pratīndhaka	lexicon		1	Pratīndhaka
grintser-ramayana12	Прашушрука	praSuSruka	Praśuśruka	lexicon		1	Praśuśruka
grintser-ramayana12	Праяга	prayAga	Prayāga	onomasticon	inm	1	Prayāga
grintser-ramayana12	Притхиви	pfTivI	Pṛthivī	onomasticon	inm,pui	1	Pṛthivī
grintser-ramayana12	Притху	pfTu	Pṛthu	onomasticon	inm,pui	1	Pṛthu
grintser-ramayana12	Пуластья	pulastya	Pulastya	onomasticon	inm,pui	2	Pulastya
grintser-ramayana12	Пулома	pulomA	Pulomā	onomasticon	inm,pui	1	Pulomā
grintser-ramayana12	Пундарика	puRqarIkA	Puṇḍarīkā	onomasticon	inm,pui	1	Puṇḍarīkā
grintser-ramayana12	Пурандара	puraMdara	Puraṃdara	lexicon		2	Puraṃdara
grintser-ramayana12	Пуруша	puruza	Puruṣa	onomasticon	inm,pui	1	Puruṣa
grintser-ramayana12	Пурушоттама	puruzottama	Puruṣottama	onomasticon	inm,pui	1	Puruṣottama
grintser-ramayana12	Пушан	pUzan	Pūṣan	onomasticon	inm	1	Pūṣan
grintser-ramayana12	Равана	rAvaRa	Rāvaṇa	onomasticon	inm,pui	2	Rāvaṇa
grintser-ramayana12	Рагхава	rAGava	Rāghava	onomasticon	inm,pui	2	Rāghava
grintser-ramayana12	Рагху	raGu	Raghu	onomasticon	inm,pui	2	Raghu
grintser-ramayana12	Раджагриха	rAjagfha	Rājagṛha	onomasticon	inm,pui	1	Rājagṛha
grintser-ramayana12	Рама	rAma	Rāma	onomasticon	inm,pui	2	Rāma
grintser-ramayana12	Рама Джамадагнья	rAma jAmadagnya	Rāma Jāmadagnya	iast-witness-only		1	Rāma Jāmadagnya
grintser-ramayana12	Рамбха	ramBA	Rambhā	onomasticon	inm,pui	2	Rambhā
grintser-ramayana12	Раху	rAhu	Rāhu	onomasticon	inm,pui	2	Rāhu
grintser-ramayana12	Раштравардхана	rAzwravarDana	Rāṣṭravardhana	onomasticon	pui	1	Rāṣṭravardhana
grintser-ramayana12	Ренука	reRukA	Reṇukā	onomasticon	inm,pui	1	Reṇukā
grintser-ramayana12	Рикша	fkza	Ṛkṣa	onomasticon	inm,pui	1	Ṛkṣa
grintser-ramayana12	Ричика	fcika	Ṛcika	iast-witness-only		1	Ṛcika
grintser-ramayana12	Ришьямука	fSyamUka	Ṛśyamūka	lexicon		1	Ṛśyamūka
grintser-ramayana12	Ришьямука	fzyamUka	Ṛṣyamūka	onomasticon	inm,pui	1	Ṛśyamūka
grintser-ramayana12	Ришьяшринга	fzyASfNga	Ṛṣyāśṛṅga	iast-witness-only		1	Ṛṣyāśṛṅga
grintser-ramayana12	Ромапада	romApAda	Romāpāda	iast-witness-only		1	Romāpāda
grintser-ramayana12	Рохини	rohiRI	Rohiṇī	onomasticon	inm,pui	3	Rohiṇī
grintser-ramayana12	Рудра	rudra	Rudra	onomasticon	inm,pui	2	Rudra
grintser-ramayana12	Савитри	sAvitrI	Sāvitrī	onomasticon	inm,pui	1	Sāvitrī
grintser-ramayana12	Сагара	sagara	Sagara	onomasticon	inm,pui	1	Sagara
grintser-ramayana12	Сампати	sampAti	Sampāti	onomasticon	inm,pui	2	Sampāti
grintser-ramayana12	Самудра	samudra	Samudra	onomasticon	inm,pui	1	Samudra
grintser-ramayana12	Санаткумара	sanatkumAra	Sanatkumāra	onomasticon	inm,pui	1	Sanatkumāra
grintser-ramayana12	Санкашья	sAMkASyA	Sāṃkāśyā	onomasticon	pui	1	Sāṃkāśyā
grintser-ramayana12	Сарасвати	sarasvatI	Sarasvatī	onomasticon	inm,pui	1	Sarasvatī
grintser-ramayana12	Сараю	sarayU	Sarayū	onomasticon	inm,pui	2	Sarayū
grintser-ramayana12	Сатьяван	satyavAn	Satyavān	onomasticon	pui	1	Satyavān
grintser-ramayana12	Сатьявати	satyavatI	Satyavatī	onomasticon	inm,pui	1	Satyavatī
grintser-ramayana12	Саувира	sOvIra	Sauvīra	onomasticon	inm,pui	1	Sauvīra
grintser-ramayana12	Саураштра	sOrAzwra	Saurāṣṭra	onomasticon	pui	1	Saurāṣṭra
grintser-ramayana12	Сахадева	sahadeva	Sahadeva	onomasticon	inm,pui	1	Sahadeva
grintser-ramayana12	Сварнароман	svarRaroman	Svarṇaroman	lexicon		1	Svarṇaroman
grintser-ramayana12	Сваямбху	svayamBu	Svayambhu	lexicon		2	Svayambhu
grintser-ramayana12	Сиддхартха	sidDArTa	Siddhārtha	onomasticon	inm,pui	1	Siddhārtha
grintser-ramayana12	Синдху	sinDu	Sindhu	onomasticon	inm,pui	1	Sindhu
grintser-ramayana12	Синхика	siNhikA	Siṅhikā	iast-witness-only		1	Siṅhikā
grintser-ramayana12	Сита	sItA	Sītā	onomasticon	inm,pui	3	Sītā
grintser-ramayana12	Сита	sItA	Sītā	onomasticon	inm,pui	3	Sītā
grintser-ramayana12	Сканда	skanda	Skanda	onomasticon	inm,pui	1	Skanda
grintser-ramayana12	Сома	somA	Somā	onomasticon	inm	1	Soma
grintser-ramayana12	Сома	soma	Soma	onomasticon	inm,pui	2	Soma
grintser-ramayana12	Сома	somA	Somā	onomasticon	inm	1	Somā
grintser-ramayana12	Сома	soma	Soma	onomasticon	inm,pui	2	Somā
grintser-ramayana12	Сомада	somadA	Somadā	lexicon		1	Somadā
grintser-ramayana12	Сомадатта	somadatta	Somadatta	onomasticon	inm,pui	1	Somadatta
grintser-ramayana12	Сринджая	sfYjaya	Sṛñjaya	onomasticon	inm,pui	1	Sṛñjaya
grintser-ramayana12	Субаху	subAhu	Subāhu	onomasticon	inm,pui	1	Subāhu
grintser-ramayana12	Суврата	suvrata	Suvrata	onomasticon	inm,pui	1	Suvrata
grintser-ramayana12	Сугрива	sugrIva	Sugrīva	onomasticon	inm,pui	2	Sugrīva
grintser-ramayana12	Судама	sudAmA	Sudāmā	onomasticon	inm	1	Sudāmā
grintser-ramayana12	Судаман	sudAman	Sudāman	onomasticon	inm,pui	1	Sudāman
grintser-ramayana12	Судамана	sudAmana	Sudāmana	lexicon		1	Sudāmana
grintser-ramayana12	Сударшана	sudarSana	Sudarśana	onomasticon	inm,pui	1	Sudarśana
grintser-ramayana12	Судханван	suDanvan	Sudhanvan	onomasticon	inm,pui	2	Sudhanvan
grintser-ramayana12	Судханван	suDanvan	Sudhanvan	onomasticon	inm,pui	2	Sudhanvan
grintser-ramayana12	Судхрити	suDfti	Sudhṛti	onomasticon	pui	1	Sudhṛti
grintser-ramayana12	Сукету	suketu	Suketu	onomasticon	inm,pui	2	Suketu
grintser-ramayana12	Сукету	suketu	Suketu	onomasticon	inm,pui	2	Suketu
grintser-ramayana12	Сумати	sumatI	Sumatī	iast-witness-only		1	Sumati
grintser-ramayana12	Сумати	sumati	Sumati	onomasticon	inm,pui	1	Sumati
grintser-ramayana12	Сумати	sumatI	Sumatī	iast-witness-only		1	Sumatī
grintser-ramayana12	Сумати	sumati	Sumati	onomasticon	inm,pui	1	Sumatī
grintser-ramayana12	Сумантра	sumantra	Sumantra	lexicon		1	Sumantra
grintser-ramayana12	Сумитра	sumitrA	Sumitrā	onomasticon	inm	2	Sumitrā
grintser-ramayana12	Супарна	suparRa	Suparṇa	onomasticon	inm,pui	2	Suparṇa
grintser-ramayana12	Супрабха	supraBA	Suprabhā	onomasticon	inm,pui	1	Suprabhā
grintser-ramayana12	Сура	surA	Surā	onomasticon	inm,pui	1	Surā
grintser-ramayana12	Сураштра	surAzwra	Surāṣṭra	onomasticon	inm,pui	1	Surāṣṭra
grintser-ramayana12	Сурья	sUrya	Sūrya	onomasticon	inm,pui	2	Sūrya
grintser-ramayana12	Сусандхи	susanDi	Susandhi	onomasticon	pui	1	Susandhi
grintser-ramayana12	Сутикшна	sutIkzRa	Sutīkṣṇa	lexicon		2	Sutīkṣṇa
grintser-ramayana12	Сучакшу	sucakzu	Sucakṣu	onomasticon	pui	1	Sucakṣu
grintser-ramayana12	Сучандра	sucandra	Sucandra	onomasticon	inm,pui	1	Sucandra
grintser-ramayana12	Сушена	suzeRa	Suṣeṇa	onomasticon	inm,pui	1	Suṣeṇa
grintser-ramayana12	Суяджня	suyajYa	Suyajña	onomasticon	pui	1	Suyajña
grintser-ramayana12	Сьяндика	syandikA	Syandikā	lexicon		1	Syandikā
grintser-ramayana12	Тамаса	tamasA	Tamasā	onomasticon	inm,pui	1	Tamasā
grintser-ramayana12	Тара	tArA	Tārā	onomasticon	inm,pui	1	Tāra
grintser-ramayana12	Тара	tAra	Tāra	onomasticon	inm,pui	1	Tāra
grintser-ramayana12	Тара	tArA	Tārā	onomasticon	inm,pui	1	Tārā
grintser-ramayana12	Тара	tAra	Tāra	onomasticon	inm,pui	1	Tārā
grintser-ramayana12	Тарака	tArakA	Tārakā	onomasticon	pui	2	Tārakā
grintser-ramayana12	Таркшья	tArkzya	Tārkṣya	onomasticon	inm,pui	1	Tārkṣya
grintser-ramayana12	Тваштар	tvazwf	Tvaṣṭṛ	onomasticon	inm	1	Tvaṣṭṛ
grintser-ramayana12	Тимидхваджа	timiDvaja	Timidhvaja	lexicon		1	Timidhvaja
grintser-ramayana12	Триджата	trijawA	Trijaṭā	onomasticon	inm	1	Trijaṭā
grintser-ramayana12	Триджата Гаргья	trijawa gArgya	Trijaṭa Gārgya	iast-witness-only		1	Trijaṭa Gārgya
grintser-ramayana12	Трипатхага	tripaTagA	Tripathagā	onomasticon	inm,pui	1	Tripathagā
grintser-ramayana12	Трипура	tripura	Tripura	onomasticon	inm,pui	1	Tripura
grintser-ramayana12	Тришанку	triSaNku	Triśaṅku	onomasticon	inm	1	Triśaṅku
grintser-ramayana12	Триширас	triSiras	Triśiras	onomasticon	inm	2	Triśiras
grintser-ramayana12	Тумбуру	tumburu	Tumburu	onomasticon	inm,pui	2	Tumburu
grintser-ramayana12	Удавасу	udAvasu	Udāvasu	onomasticon	pui	1	Udāvasu
grintser-ramayana12	Ума	umA	Umā	onomasticon	inm,pui	1	Umā
grintser-ramayana12	Урмила	UrmilA	Ūrmilā	onomasticon	inm	2	Ūrmilā
grintser-ramayana12	Урмила	UrmilA	Ūrmilā	onomasticon	inm	2	Ūrmilā
grintser-ramayana12	Уттара-куру	uttara-kuru	Uttara-kuru	iast-witness-only		1	Uttara-kuru
grintser-ramayana12	Уччайхшравас	uccEHSravas	Uccaiḥśravas	onomasticon	inm	1	Uccaiḥśravas
grintser-ramayana12	Хавишпанда	havizpanda	Haviṣpanda	iast-witness-only		1	Haviṣpanda
grintser-ramayana12	Хануман	hanumAn	Hanumān	onomasticon	pui	1	Hanumān
grintser-ramayana12	Хара	hara	Hara	onomasticon	inm,pui	2	Hara
grintser-ramayana12	Хари	harI	Harī	onomasticon	inm	1	Hari
grintser-ramayana12	Хари	hari	Hari	onomasticon	inm,pui	1	Hari
grintser-ramayana12	Харьяшва	haryaSva	Haryaśva	onomasticon	inm,pui	1	Haryaśva
grintser-ramayana12	Хастинапура	hAstinapura	Hāstinapura	onomasticon	inm	1	Hāstinapura
grintser-ramayana12	Хаха	hahA	Hahā	onomasticon	pui	1	Hahā
grintser-ramayana12	Хема	hemA	Hemā	onomasticon	inm,pui	1	Hemā
grintser-ramayana12	Хемачандра	hemacandra	Hemacandra	onomasticon	pui	1	Hemacandra
grintser-ramayana12	Химават	himavat	Himavat	onomasticon	inm	2	Himavat
grintser-ramayana12	Хладини	hlAdinI	Hlādinī	onomasticon	pui	1	Hlādinī
grintser-ramayana12	Храсвароман	hrasvaroman	Hrasvaroman	onomasticon	pui	1	Hrasvaroman
grintser-ramayana12	Хришикеша	hfzIkeSa	Hṛṣīkeśa	onomasticon	inm,pui	1	Hṛṣīkeśa
grintser-ramayana12	Хуху	huhU	Huhū	lexicon		1	Huhū
grintser-ramayana12	Чайтраратха	cEtraraTa	Caitraratha	onomasticon	inm,pui	2	Caitraratha
grintser-ramayana12	Чандра	candra	Candra	onomasticon	inm,pui	1	Candra
grintser-ramayana12	Читракута	citrakUwa	Citrakūṭa	onomasticon	inm,pui	2	Citrakūṭa
grintser-ramayana12	Читраратха	citraraTa	Citraratha	onomasticon	inm,pui	2	Citraratha
grintser-ramayana12	Читраратха	citraraTa	Citraratha	onomasticon	inm,pui	2	Citraratha
grintser-ramayana12	Чулин	cUlin	Cūlin	lexicon		1	Cūlin
grintser-ramayana12	Чьявана	cyavana	Cyavana	onomasticon	inm,pui	1	Cyavana
grintser-ramayana12	Шабала	SabalA	Śabalā	lexicon		1	Śabalā
grintser-ramayana12	Шабари	SabarI	Śabarī	lexicon		2	Śabarī
grintser-ramayana12	Шакра	Sakra	Śakra	onomasticon	inm,pui	2	Śakra
grintser-ramayana12	Шалмали	SAlmalI	Śālmalī	lexicon		1	Śālmalī
grintser-ramayana12	Шамбара	Sambara	Śambara	onomasticon	inm,pui	1	Śambara
grintser-ramayana12	Шанкара	SaNkara	Śaṅkara	onomasticon	inm	1	Śaṅkara
grintser-ramayana12	Шанкхана	SaNKana	Śaṅkhana	iast-witness-only		1	Śaṅkhana
grintser-ramayana12	Шанта	SAntA	Śāntā	onomasticon	inm,pui	1	Śāntā
grintser-ramayana12	Шарабха	SaraBa	Śarabha	onomasticon	inm,pui	1	Śarabha
grintser-ramayana12	Шарабханга	SaraBaNga	Śarabhaṅga	onomasticon	inm	1	Śarabhaṅga
grintser-ramayana12	Шарабханга	saraBaNga	Sarabhaṅga	iast-witness-only		1	Śarabhaṅga
grintser-ramayana12	Шараданда	SaradaRqA	Śaradaṇḍā	lexicon		1	Śaradaṇḍā
grintser-ramayana12	Шатадру	Satadru	Śatadru	onomasticon	inm,pui	1	Śatadru
grintser-ramayana12	Шатакрату	Satakratu	Śatakratu	onomasticon	inm,pui	2	Śatakratu
grintser-ramayana12	Шатананда	SatAnanda	Śatānanda	onomasticon	inm,pui	1	Śatānanda
grintser-ramayana12	Шатругхна	SatruGna	Śatrughna	onomasticon	inm,pui	1	Śatrughna
grintser-ramayana12	Шачи	SacI	Śacī	onomasticon	inm,pui	2	Śacī
grintser-ramayana12	Шашабинду	SaSabindu	Śaśabindu	onomasticon	inm,pui	1	Śaśabindu
grintser-ramayana12	Шиби	Sibi	Śibi	onomasticon	inm,pui	1	Śibi
grintser-ramayana12	Шива	Siva	Śiva	onomasticon	inm,pui	1	Śiva
grintser-ramayana12	Шигхрага	SIGraga	Śīghraga	onomasticon	inm,pui	1	Śīghraga
grintser-ramayana12	Шилаваха	SilAvahA	Śilāvahā	lexicon		1	Śilāvahā
grintser-ramayana12	Шона	SoRA	Śoṇā	onomasticon	pui	1	Śoṇā
grintser-ramayana12	Шри	SrI	Śrī	onomasticon	inm,pui	2	Śrī
grintser-ramayana12	Шрингавера	SfNgavera	Śṛṅgavera	onomasticon	inm	1	Śṛṅgavera
grintser-ramayana12	Шрутакирти	SrutakIrtI	Śrutakīrtī	onomasticon	pui	1	Śrutakīrtī
grintser-ramayana12	Шукра	Sukra	Śukra	onomasticon	inm,pui	2	Śukra
grintser-ramayana12	Шунака	Sunaka	Śunaka	onomasticon	inm,pui	1	Śunaka
grintser-ramayana12	Шунахшепа	SunaHSepa	Śunaḥśepa	lexicon		1	Śunaḥśepa
grintser-ramayana12	Шурпанакха	SUrpaRaKA	Śūrpaṇakhā	onomasticon	inm,pui	2	Śūrpaṇakhā
grintser-ramayana12	Экасала	ekasAla	Ekasāla	lexicon		1	Ekasāla
grintser-ramayana12	Юванашва	yuvanASva	Yuvanāśva	onomasticon	inm,pui	1	Yuvanāśva
grintser-ramayana12	Юдхаджит	yuDAjit	Yudhājit	onomasticon	pui	1	Yudhājit
grintser-ramayana12	Яду	yadu	Yadu	onomasticon	inm,pui	1	Yadu
grintser-ramayana12	Яма	yama	Yama	onomasticon	inm,pui	2	Yama
grintser-ramayana12	Ямуна	yamunA	Yamunā	onomasticon	inm,pui	1	Yamunā
grintser-ramayana12	Яяти	yayAti	Yayāti	onomasticon	inm,pui	2	Yayāti
potapova	Агастья	agastya	Agastya	onomasticon	inm,pui	2	
potapova	Агни	agni	Agni	onomasticon	inm,pui	2	Павака
potapova	Аджа	aja	Aja	onomasticon	inm,pui	1	
potapova	Адити	aditi	Aditi	onomasticon	inm,pui	2	беспредельная
potapova	Айодхья	ayoDyA	Ayodhyā	onomasticon	inm,pui	2	непобедимая
potapova	Айравата	ErAvata	Airāvata	onomasticon	inm,pui	2	
potapova	Акампана	akampana	Akampana	onomasticon	inm,pui	1	
potapova	Акша	akza	Akṣa	onomasticon	inm,pui	1	
potapova	Амбариша	ambarIza	Ambarīṣa	onomasticon	inm	1	
potapova	Амаравати	amarAvatI	Amarāvatī	onomasticon	inm,pui	2	обитель бессмертных
potapova	Ангада	aNgada	Aṅgada	onomasticon	inm,pui	1	
potapova	Анила	anila	Anila	onomasticon	inm,pui	1	ветер
potapova	Аншуман	aNSumAn	Aṅśumān	iast-witness-only		1	
potapova	Ашвапати	aSvapati	Aśvapati	onomasticon	inm,pui	1	
potapova	Ашвины	aSvinO	Aśvinau	iast-witness-only		2	всадники
potapova	Бала	bala	Bala	onomasticon	inm,pui	2	сила
potapova	Брахма	brahmA	Brahmā	onomasticon	pui	2	тримурти
potapova	Брихаспати	bfhaspati	Bṛhaspati	onomasticon	inm,pui	2	
potapova	Будха	buDa	Budha	onomasticon	inm,pui	2	мудрый
potapova	Бхагиратха	BagIraTa	Bhagīratha	onomasticon	inm,pui	1	
potapova	Бхарадваджа	BaradvAja	Bharadvāja	onomasticon	inm,pui	2	
potapova	Бхарата	Barata	Bharata	onomasticon	inm,pui	3	
potapova	Бхригутунга	BfgutuNga	Bhṛgutuṅga	onomasticon	inm	1	
potapova	Вальмики	vAlmIki	Vālmīki	onomasticon	inm,pui	1	
potapova	Вамана	vAmanA	Vāmanā	lexicon		1	
potapova	Вамана	vAmana	Vāmana	onomasticon	inm,pui	2	
potapova	Варуни	vAruRI	Vāruṇī	onomasticon	inm,pui	1	
potapova	Васава	vAsava	Vāsava	onomasticon	inm,pui	2	повелитель Васу
potapova	Васиштха	vasizWa	Vasiṣṭha	onomasticon	inm,pui	2	
potapova	Васу	vasu	Vasu	onomasticon	inm,pui	1	
potapova	Васудева	vAsudeva	Vāsudeva	onomasticon	inm,pui	1	
potapova	Васуки	vAsuki	Vāsuki	onomasticon	inm,pui	2	нередко отождествляв ется с Шешей
potapova	Вибхишана	viBIzaRa	Vibhīṣaṇa	onomasticon	inm,pui	2	устрашающий
potapova	Видеха	videha	Videha	onomasticon	inm,pui	2	совр, Тирхут
potapova	Вината	vinatA	Vinatā	onomasticon	inm,pui	2	
potapova	Виндхья	vinDya	Vindhya	onomasticon	inm,pui	2	
potapova	Вишала	viSAlA	Viśālā	onomasticon	inm,pui	1	Удджайн
potapova	Вишала	viSAla	Viśāla	onomasticon	inm,pui	1	Удджайн
potapova	Вишвакарман	viSvakarman	Viśvakarman	onomasticon	inm	2	
potapova	Вишвамитра	viSvAmitra	Viśvāmitra	onomasticon	inm,pui	2	
potapova	Вишну	vizRu	Viṣṇu	onomasticon	inm,pui	2	
potapova	Ганга	gaNgA	Gaṅgā	onomasticon	inm	2	
potapova	Гаруда	gAruqa	Gāruḍa	onomasticon	inm	1	Супарна
potapova	Гаруда	garuqa	Garuḍa	onomasticon	inm,pui	1	Супарна
potapova	Годавари	godAvarI	Godāvarī	onomasticon	inm	1	дающая скот или воду
potapova	Гуха	guha	Guha	onomasticon	inm,pui	1	тайна
potapova	Дану	danU	Danū	iast-witness-only		1	
potapova	Дардура	dardura	Dardura	onomasticon	inm,pui	1	лягушка
potapova	Дашаратха	daSaraTa	Daśaratha	onomasticon	inm,pui	2	обладатель десяти колесниц
potapova	Двивида	dvivida	Dvivida	onomasticon	inm,pui	1	двойственный
potapova	Джамбудвипа	jambUdvIpa	Jambūdvīpa	onomasticon	inm,pui	1	
potapova	Джанака	janaka	Janaka	onomasticon	inm,pui	3	
potapova	Джахнави	jAhnavI	Jāhnavī	onomasticon	inm,pui	1	дочь Джахпу
potapova	Дхарма	Darma	Dharma	onomasticon	inm,pui	2	
potapova	Икшваку	ikzvAku	Ikṣvāku	onomasticon	inm,pui	2	
potapova	Индра	indra	Indra	onomasticon	inm,pui	2	
potapova	Индраджит	indrajit	Indrajit	onomasticon	inm,pui	1	
potapova	Кабандха	kabanDa	Kabandha	onomasticon	inm,pui	2	
potapova	Кадру	kadrU	Kadrū	onomasticon	inm,pui	1	
potapova	Кайкейи	kEkeyI	Kaikeyī	onomasticon	inm,pui	2	царевна кекайя
potapova	Кама	kAma	Kāma	onomasticon	inm,pui	1	
potapova	Камбоджа	kamboja	Kamboja	onomasticon	pui	1	не имеет ничего общего с современной Кампучией
potapova	Капила	kapila	Kapila	onomasticon	inm,pui	1	
potapova	Каушалья	kOsalyA	Kausalyā	onomasticon	inm	1	
potapova	Кирти	kIrti	Kīrti	onomasticon	inm,pui	1	
potapova	Кошала	kosala	Kosala	onomasticon	inm	1	
potapova	Кришна	kRzRa	Kṇṣṇa	iast-witness-only		1	
potapova	Кубера	kubera	Kubera	onomasticon	inm,pui	2	горшок», «кувшин
potapova	Кумбхакарна	kumBakarRa	Kumbhakarṇa	onomasticon	inm,pui	2	кувшинноухий
potapova	Куша	kuSa	Kuśa	onomasticon	pui	2	
potapova	Кхара	Kara	Khara	onomasticon	inm,pui	1	
potapova	Лакшмана	lakzmaRa	Lakṣmaṇa	onomasticon	inm,pui	2	
potapova	Магадха	magaDa	Magadha	onomasticon	inm,pui	1	современный, южный Бихар
potapova	Мадху	maDu	Madhu	onomasticon	inm,pui	1	чайтра
potapova	Майнака	mEnAka	Maināka	onomasticon	inm,pui	1	
potapova	Мандара	mandara	Mandara	onomasticon	inm,pui	2	
potapova	Ману	manu	Manu	onomasticon	inm,pui	2	
potapova	Марута	mAruta	Māruta	onomasticon	inm,pui	1	
potapova	Матали	mAtali	Mātali	onomasticon	inm,pui	1	
potapova	Махендра	mahendra	Mahendra	onomasticon	inm,pui	2	великий Индра
potapova	Меру	meru	Meru	onomasticon	inm,pui	2	
potapova	Мохини	mohinI	Mohinī	onomasticon	pui	1	
potapova	Нала	nala	Nala	onomasticon	inm,pui	1	Тростник
potapova	Налини	nalinI	Nalinī	onomasticon	inm,pui	1	
potapova	Нараяна	nArAyaRa	Nārāyaṇa	onomasticon	inm,pui	1	шествующий по водам
potapova	Нила	nIla	Nīla	onomasticon	inm,pui	1	смуглый
potapova	Павака	pAvaka	Pāvaka	onomasticon	inm,pui	2	
potapova	Пампа	pampA	Pampā	onomasticon	inm,pui	2	
potapova	Панчавати	paYcavawI	Pañcavaṭī	onomasticon	inm	1	
potapova	Праджапати	prajApati	Prajāpati	onomasticon	inm,pui	2	повелитель живых существ
potapova	Пуластья	pulastya	Pulastya	onomasticon	inm,pui	2	
potapova	Пушкара	puzkarARi	Puṣkarāṇi	iast-witness-only		1	
potapova	Пушпака	puzpaka	Puṣpaka	onomasticon	inm,pui	1	
potapova	Рагхава	rAGava	Rāghava	onomasticon	inm,pui	2	потомок Рагху
potapova	Рама	rAma	Rāma	onomasticon	inm,pui	2	
potapova	Рамбха	ramBA	Rambhā	onomasticon	inm,pui	2	опора
potapova	Рати	rati	Rati	onomasticon	inm,pui	1	любовь, желание
potapova	Раху	rAhu	Rāhu	onomasticon	inm,pui	2	см. Кету
potapova	Ричика	fcika	Ṛcika	iast-witness-only		1	
potapova	Рохини	rohiRI	Rohiṇī	onomasticon	inm,pui	3	красная
potapova	Рудра	rudra	Rudra	onomasticon	inm,pui	2	Ревун
potapova	Сагара	sagara	Sagara	onomasticon	inm,pui	1	
potapova	Сампати	sampAti	Sampāti	onomasticon	inm,pui	2	
potapova	Сита	sItA	Sītā	onomasticon	inm,pui	3	белая», «светлая», «чистая», также «борозда
potapova	Сканда	skanda	Skanda	onomasticon	inm,pui	1	
potapova	Сома	somA	Somā	onomasticon	inm	1	
potapova	Сома	soma	Soma	onomasticon	inm,pui	2	
potapova	Сугрива	sugrIva	Sugrīva	onomasticon	inm,pui	2	
potapova	Сумантра	sumantra	Sumantra	lexicon		1	
potapova	Сумитра	sumitrA	Sumitrā	onomasticon	inm	2	
potapova	Супарна	suparRa	Suparṇa	onomasticon	inm,pui	2	дивнокрылый
potapova	Сурья	sUrya	Sūrya	onomasticon	inm,pui	2	
potapova	Сушена	suzeRa	Suṣeṇa	onomasticon	inm,pui	1	
potapova	Тамаса	tamasA	Tamasā	onomasticon	inm,pui	1	
potapova	Тимидхваджа	timiDvaja	Timidhvaja	lexicon		1	с китом на стяге
potapova	Триджата	trijawA	Trijaṭā	onomasticon	inm	1	заплетающая волосы в три косы
potapova	Трипура	tripura	Tripura	onomasticon	inm,pui	1	три города
potapova	Ума	umA	Umā	onomasticon	inm,pui	1	Владыки холода
potapova	Урваши	urvaSI	Urvaśī	onomasticon	inm,pui	1	
potapova	Урмила	UrmilA	Ūrmilā	onomasticon	inm	2	
potapova	Хануман	hanumAn	Hanumān	onomasticon	pui	1	тот, у кого сломана челюсть
potapova	Хема	hemA	Hemā	onomasticon	inm,pui	1	
potapova	Химават	himavat	Himavat	onomasticon	inm	2	владыка холода
potapova	Читракута	citrakUwa	Citrakūṭa	onomasticon	inm,pui	2	пестровершинная
potapova	Шалмали	SAlmalI	Śālmalī	lexicon		1	салмалиа малабарика
potapova	Шамбара	Sambara	Śambara	onomasticon	inm,pui	1	
potapova	Шарабха	SaraBa	Śarabha	onomasticon	inm,pui	1	восьмипогчш олень
potapova	Шатакрату	Satakratu	Śatakratu	onomasticon	inm,pui	2	обладатель ста жертвоприношений
potapova	Шатругхна	SatruGna	Śatrughna	onomasticon	inm,pui	1	
potapova	Шеша	Seza	Śeṣa	onomasticon	inm,pui	2	
potapova	Шива	Siva	Śiva	onomasticon	inm,pui	1	
potapova	Шрингавера	SfNgavera	Śṛṅgavera	onomasticon	inm	1	
potapova	Шурпанакха	SUrpaRaKA	Śūrpaṇakhā	onomasticon	inm,pui	2	та, чьи ногти на ногах подобны веялке
