slug	translator	role	year	title	source	scope
01_ramayana-balakanda	П. А. Гринцер	Перевод с санскрита, комментарий	2006	Рамаяна I (Балаканда)	meta.json	A41 corpus / Samudra
02_ramayana-ayodhyakanda	П. А. Гринцер	Перевод с санскрита, комментарий	2006	Рамаяна II (Айодхьяканда)	meta.json	A41 corpus / Samudra
03_mahabharata-aranyakaparva	Я. В. Васильков, С. Л. Невелева	Перевод с санскрита, предисловие и комментарий	1987	Махабхарата III (Араньякапарва)	meta.json	A41 corpus / Samudra
03_ramayana-aranyakanda	П. А. Гринцер (атрибуция требует проверки)	Перевод с санскрита	—	Рамаяна III (Араньяканда)	meta.json	A41 corpus / Samudra
adbhuta-ramayana	А. Игнатьев	Перевод с санскрита	—	Адбхута-Рамаяна	meta.json	A41 corpus / Samudra
bhagavata-purana	А. Игнатьев	Перевод с санскрита	—	Бхагавата-пурана (фрагменты)	meta.json	A41 corpus / Samudra
bhagavati-manasa-puja-stotra	А. Игнатьев	Перевод с санскрита	—	Гимн мысленного поклонения Бхагавати	meta.json	A41 corpus / Samudra
brihannila-tantra	А. Игнатьев	Перевод с санскрита	—	Бриханнила-тантра (избранное)	meta.json	A41 corpus / Samudra
chinachara-tantra	А. Игнатьев	Перевод с санскрита, предисловие и комментарий	—	Чиначара-тантра	meta.json	A41 corpus / Samudra
devi-purana	А. Игнатьев	Перевод с санскрита	—	Деви-пурана	meta.json	A41 corpus / Samudra
devibhagavata-purana	А. Игнатьев	Перевод с санскрита, предисловие и комментарий	2018	Девибхагавата-пурана	meta.json	A41 corpus / Samudra
devimahatmya	А. Игнатьев	Перевод с санскрита	—	Деви-махатмья	meta.json	A41 corpus / Samudra
guptasadhana-tantra	А. Игнатьев	Перевод с санскрита, предисловие и комментарий	—	Гуптасадхана-тантра	meta.json	A41 corpus / Samudra
kadambara-svikarana-karika	А. Игнатьев	Перевод с санскрита	—	Кадамбара-свикарана-карика	meta.json	A41 corpus / Samudra
kadambara-svikarana-karika-literatura	А. Игнатьев	Перевод с санскрита, предисловие и комментарий	—	Кадамбара-свикарана-карика: ЛИТЕРАТУРА	meta.json	A41 corpus / Samudra
kadambara-svikarana-karika-ob-avtore	А. Игнатьев	Перевод с санскрита, предисловие и комментарий	—	Кадамбара-свикарана-карика: Об авторе перевода	meta.json	A41 corpus / Samudra
kadambara-svikarana-karika-preface	А. Игнатьев	Перевод с санскрита, предисловие и комментарий	—	Кадамбара-свикарана-карика: Предисловие	meta.json	A41 corpus / Samudra
kalika-purana	А. Игнатьев	Перевод с санскрита	—	Калика-пурана	meta.json	A41 corpus / Samudra
kama-samuha	А. Игнатьев	Перевод с санскрита	—	Кама-самуха	meta.json	A41 corpus / Samudra
kama-samuha-antologii	А. Игнатьев	Перевод с санскрита, предисловие и комментарий	—	Кама-самуха: ИЗВЕСТНЫЕ АНТОЛОГИИ САНСКРИТСКОЙ ПОЭЗИИ	meta.json	A41 corpus / Samudra
kama-samuha-istochniki	А. Игнатьев	Перевод с санскрита, предисловие и комментарий	—	Кама-самуха: ИСТОЧНИКИ «КАМА-САМУХИ»	meta.json	A41 corpus / Samudra
kama-samuha-literatura	А. Игнатьев	Перевод с санскрита, предисловие и комментарий	—	Кама-самуха: ЛИТЕРАТУРА	meta.json	A41 corpus / Samudra
kama-samuha-ob-avtore	А. Игнатьев	Перевод с санскрита, предисловие и комментарий	—	Кама-самуха: Об авторе перевода	meta.json	A41 corpus / Samudra
kama-samuha-preface	А. Игнатьев	Перевод с санскрита, предисловие и комментарий	—	Кама-самуха: Предисловие	meta.json	A41 corpus / Samudra
kama-samuha-slovar-flory	А. Игнатьев	Перевод с санскрита, предисловие и комментарий	—	Кама-самуха: СЛОВАРЬ ФЛОРЫ И ФАУНЫ	meta.json	A41 corpus / Samudra
kama-samuha-slovar-imen	А. Игнатьев	Перевод с санскрита, предисловие и комментарий	—	Кама-самуха: СЛОВАРЬ ИМЕН	meta.json	A41 corpus / Samudra
kama-samuha-slovar-predmetov	А. Игнатьев	Перевод с санскрита, предисловие и комментарий	—	Кама-самуха: СЛОВАРЬ ПРЕДМЕТОВ И ТЕРМИНОВ	meta.json	A41 corpus / Samudra
kama-samuha-slovar-toponimov	А. Игнатьев	Перевод с санскрита, предисловие и комментарий	—	Кама-самуха: СЛОВАРЬ ТОПОНИМОВ И ЭТНОНИМОВ	meta.json	A41 corpus / Samudra
kathasaritsagara	И. Д. Серебряков и др.	Перевод с санскрита	1967	Океан сказаний (Катхасаритсагара)	meta.json	A41 corpus / Samudra
kularnava-tantra	А. Игнатьев	Перевод с санскрита	—	Куларнава-тантра	meta.json	A41 corpus / Samudra
linga-purana	А. Игнатьев	Перевод с санскрита	—	Линга-пурана	meta.json	A41 corpus / Samudra
mahabhagavata-purana	А. Игнатьев	Перевод с санскрита	—	Махабхагавата-пурана	meta.json	A41 corpus / Samudra
mahabharata-ignatiev-xvi-xviii-literatura	А. Игнатьев	Перевод с санскрита, предисловие и комментарий	—	Махабхарата XVI–XVIII (Игнатьев): БИБЛИОГРАФИЯ	meta.json	A41 corpus / Samudra
mahabharata-ignatiev-xvi-xviii-ob-avtore	А. Игнатьев	Перевод с санскрита, предисловие и комментарий	—	Махабхарата XVI–XVIII (Игнатьев): Об авторе перевода	meta.json	A41 corpus / Samudra
mahabharata-ignatiev-xvi-xviii-preface	А. Игнатьев	Перевод с санскрита, предисловие и комментарий	—	Махабхарата XVI–XVIII (Игнатьев): Предисловие	meta.json	A41 corpus / Samudra
mahabharata-ignatiev-xvi-xviii-slovar-imen	А. Игнатьев	Перевод с санскрита, предисловие и комментарий	—	Махабхарата XVI–XVIII (Игнатьев): СЛОВАРЬ ИМЕН ЭПИЧЕСКИХ ПЕРСОНАЖЕЙ	meta.json	A41 corpus / Samudra
mahabharata-ignatiev-xvi-xviii-slovar-predmetov	А. Игнатьев	Перевод с санскрита, предисловие и комментарий	—	Махабхарата XVI–XVIII (Игнатьев): СЛОВАРЬ ПРЕДМЕТОВ И ТЕРМИНОВ	meta.json	A41 corpus / Samudra
mahabharata-mahaprasthanikaparva-ignatiev	А. Игнатьев	Перевод с санскрита	—	Махабхарата XVII. Махапрастханика-парва	meta.json	A41 corpus / Samudra
mahabharata-mausalaparva-ignatiev	А. Игнатьев	Перевод с санскрита	—	Махабхарата XVI. Маусала-парва	meta.json	A41 corpus / Samudra
mahabharata-svargarohanikaparva-ignatiev	А. Игнатьев	Перевод с санскрита	—	Махабхарата XVIII. Сварга-арохана-парва	meta.json	A41 corpus / Samudra
maya-tantra	А. Игнатьев	Перевод с санскрита, предисловие и комментарий	2023	Майя-тантра	meta.json	A41 corpus / Samudra
nilamata-purana	А. Игнатьев	Перевод с санскрита	—	Ниламата-пурана	meta.json	A41 corpus / Samudra
niruttara-tantra	А. Игнатьев	Перевод с санскрита, предисловие и комментарий	—	Нируттара-тантра	meta.json	A41 corpus / Samudra
nirvana-tantra	А. Игнатьев	Перевод с санскрита, предисловие и комментарий	—	Нирвана-тантра	meta.json	A41 corpus / Samudra
padma-purana	А. Игнатьев	Перевод с санскрита	—	Падма-пурана (Джаландхара)	meta.json	A41 corpus / Samudra
shaktisangama-tantra	А. Игнатьев	Перевод с санскрита	—	Шактисангама-тантра (избранное)	meta.json	A41 corpus / Samudra
yogini-tantra	А. Игнатьев	Перевод с санскрита	—	Йогини-тантра	meta.json	A41 corpus / Samudra
yoni-puja-texts	А. Игнатьев	Перевод с санскрита	—	Тексты для йони-пуджи	meta.json	A41 corpus / Samudra
yoni-tantra	А. Игнатьев	Перевод с санскрита, предисловие и комментарий	—	Йони-тантра	meta.json	A41 corpus / Samudra
bhagavadgita-1788	Переводчик: А.А. Петров.	translation	1788	Bhagavadgītā · Переводчик: А.А. Петров.	A41_gita_editions.tsv	A41 §5 Gītā register
bhagavadgita-1909	Переводъ въ стихахъ А. П. Казначеевой	translation	1909	Bhagavadgītā · Переводъ въ стихахъ А. П. Казначеевой	A41_gita_editions.tsv	A41 §5 Gītā register
bhagavadgita-1914	А.А. Каменской и И.В. де Манциарли	translation	1914	Bhagavadgītā · А.А. Каменской и И.В. де Манциарли	A41_gita_editions.tsv	A41 §5 Gītā register
bhagavadgita-smirnov	Б.Л.Смирнов	translation	1977	Bhagavadgītā · Б.Л.Смирнов	A41_gita_editions.tsv	A41 §5 Gītā register
bhagavadgita-sementsov	В.С.Семенцов	translation	1999	Bhagavadgītā · В.С.Семенцов	A41_gita_editions.tsv	A41 §5 Gītā register
bhagavadgita-erman	В.Г.Эрман	translation	2009	Bhagavadgītā · В.Г.Эрман	A41_gita_editions.tsv	A41 §5 Gītā register
bhagavadgita-burba	Д. Бурба	translation	2009	Bhagavadgītā · Д. Бурба	A41_gita_editions.tsv	A41 §5 Gītā register
bhagavadgita-prabhupada	Шри Шримад А.Ч. Бхактиведанта Свами Прабхупада	translation	1984	Bhagavadgītā · Шри Шримад А.Ч. Бхактиведанта Свами Прабхупада	A41_gita_editions.tsv	A41 §5 Gītā register
bhagavadgita-radha	Р.Т.Блиндерман	translation	2016	Bhagavadgītā · Р.Т.Блиндерман	A41_gita_editions.tsv	A41 §5 Gītā register
bhagavadgita-sharma	Шайлендра Шарма	translation	2015	Bhagavadgītā · Шайлендра Шарма	A41_gita_editions.tsv	A41 §5 Gītā register
bhagavadgity	Институт исследования санскрита	translation	2026	Bhagavadgītā · Институт исследования санскрита	A41_gita_editions.tsv	A41 §5 Gītā register
ramanuja_gitabhashya	В.С. Семенцова,	translation	2021	Bhagavadgītā · В.С. Семенцова,	A41_gita_editions.tsv	A41 §5 Gītā register
gitartha-samgraha_yamunacharya	Р.В. Псху	translation	2021	Bhagavadgītā · Р.В. Псху	A41_gita_editions.tsv	A41 §5 Gītā register
gitarthasamgraha-abhinavagupta	О.Н. Ерченков	translation	2008	Bhagavadgītā · О.Н. Ерченков	A41_gita_editions.tsv	A41 §5 Gītā register
